codcfop,descricao,proc_qtde,proc_cupom,cfop_devolucao,situacao_icms_entradas_nf,situacao_icms_saidas_nf,situacao_pis_entradas_nf,situacao_pis_saidas_nf,situacao_cofins_entradas_nf,situacao_cofins_saidas_nf,nao_gera_apuracao_icms,gera_financeiro_auto
6101,VENDA PROD DO ESTABELECIMENTO,S,N,6202,,,,,,,,
6102,VENDA MERC ADQ TERCEIROS,S,N,6949,,791,,792,,793,,
6103,VENDA PROD ESTAB EFET FORA DO ESTABELECIMENTO,S,N,,,,,,,,,
6104,VENDA MERC ADQ TERC EFET FORA ESTABELECI,S,N,,,,,,,,,
6105,VENDA PROD ESTAB Q NAO DEVA POR ELE TRANSITAR,S,N,,,,,,,,,
6106,VENDA MERC ADQ RECEB TERC Q NAO DEVA TRA,S,N,,,,,,,,,
6107,VENDA PROD ESTAB DEST A NAO CONTRIBUINTE,S,N,,,,,,,,,
6108,VENDA MERC ADQ DE TERC DEST A NAO CONTRI,S,N,,,,,,,,,
6109,VENDA PROD ESTAB DEST A ZONA FRANCA,S,N,,,,,,,,,
6110,VENDA MERC ADQ RECEB TERC DEST A ZONA FR,S,N,,,,,,,,,
6111,VENDA PROD ESTAB REMET ANTERIOR EM CONSIG INDUSTRI,S,N,,,,,,,,,
6112,VENDA MERC ADQ DE TERC REMET ANTE CONS IND,S,N,,,,,,,,,
6113,VENDA PROD ESTAB REMET ANT EM CONSIG MERCANTIL,S,N,,,,,,,,,
6114,VENDA MERC ADQ TERC REMET ANT EM CONS MERCANTIL,S,N,,,,,,,,,
6115,VENDA MERC ADQ TERC RECEB ANT EM CONS MERCANTIL,S,N,,,,,,,,,
6116,VENDA PROD ESTAB ORIG DE ECOM P ENTR FUTURA,S,N,,,,,,,,,
6117,VENDA MERC ADQ TERC ORIG ENCOM P ENTR FUTURA,S,N,,,,,,,,,
6118,VENDA PROD ESTAB ENTREG POR CONT ADQ,S,N,,,,,,,,,
6401,VENDA PROD ESTAB SUJ AO REG SUB TRIBUTAR,S,N,6411,,,,,,,,
6402,VENDA PROD ESTAB PROD SUJ SUB TRIB ENT CONTRIBUINT,S,N,6411,,,,,,,,
6403,VENDA MERC ADQ TERC C MERC SUJ REG SUB TRIBUTARIA,S,N,6411,,791,,792,,793,,
6404,VENDA MERC SUJ REG SUB TRIB C IMPOS JA RECOLHIDO,S,N,6411,,,,,,,,
6408,TRANSF PROD ESTAB C PROD SUJ SUB TRIBUTA,S,N,,,,,,,,,
6409,TRANSF MERC ADQ TERC C MERC SUJ SUB TRIB,S,N,,,,,,,,,
6410,DEVOL COMPRA P IND C MERC SUJ REG SUB TRIBUTARIA,S,N,,,,,,,,,
6411,DEVOLUCAO DE COMPRAS PARA COMERCIALIZACAO FORA ESTADO ST,S,N,,,825,,826,,827,,
6412,DEVOL BEM ATIVO IMOB C MERC SUJ REG SUB TRIBUTARIA,S,N,,,,,,,,,
6413,DEVOL MERC DEST USO C MERC SUJ R SUB TRI,S,N,,,,,,,,,
6414,REMES PROD ESTAB P VEND ESTAB PROD SUJ REG SUB TRI,S,N,,,,,,,,,
6415,REMES MERC ADQ TERC VEND FORA ESTAB SUJ REG SUB TR,S,N,,,,,,,,,
6501,REMES PROD ESTABEL P EXPORTACAO,S,N,,,,,,,,,
6502,REMES MERC ADQ TERC P EXPORTACAO,S,N,,,,,,,,,
6503,DEVOL MERC RECEBIDA P EXPORTACAO,S,N,,,,,,,,,
6551,VENDA BEM ATIVO IMOBILIZADO,S,N,,,,,,,,,
6552,TRANSFERENCIA BEM ATIVO IMOBILIZADO,S,N,,,,,,,,,
6553,DEVOL COMPRA BEM ATIVO IMOBILIZADO,S,N,,,,,,,,,
6554,REMES BEM ATIVO IMOB P USO FORA ESTABELI,S,N,,,,,,,,,
6555,DEVOL BEM ATIOV IMOB DE TERC P USO NO ESTAB,S,N,,,,,,,,,
6556,DEVOL COMPR MATERIAL DE USO OU COMSUMO,S,N,,,,,,,,,
6557,TRANSF MATERIAL DE USO OU CONSUMO,S,N,,,,,,,,,
6603,RESSARCIMENTO DE ICMS POR SUB TRIBUTARIA,S,N,,,,,,,,,
6901,REMES P INDUSTRIALIZACAO POR ENCOMENDA,S,N,,,,,,,,,
6902,RETORNO MERC UTILIZ NA IND POR ENCOMENDA,S,N,,,,,,,,,
6903,RETORNO MERC RECEB P IND E NAO APLIC REF,S,N,,,,,,,,,
6904,REMESSA P VENDA FORA DO ESTABELIMENTO,S,N,,,,,,,,,
6905,REMES PARA DEP FECHADO OU ARMAZEM GERAL,S,N,,,,,,,,,
6906,RETORNO MERC DEPOSITADA DEP FECH OU ARMAZEM GERAL,S,N,,,,,,,,,
6907,RETORNO SIMB MERC DEPOSITADA DEP FECH,S,N,,,,,,,,,
6908,REMES DE BEM POR CONTA DE CONT DE COMODATO,S,N,,,,,,,,,
6909,RETORNO BEM RECEB POR CONT DE CONT COMODATO,S,N,,,,,,,,,
6910,"REMES EM BONIFICADO, DOACAO OU BRINDE",S,N,6411,,,,,,,,
6911,REMESSA DE AMOSTRA GRATIS,S,N,,,,,,,,,
6912,REMES MERC OU BEM P DEMONSTRACAO,S,N,,,,,,,,,
6913,RETORNO MERC OU BEM RECEB P DEMONSTRACAO,S,N,,,,,,,,,
6914,REMES MERC OU BEM PARA EXPOSICAO OU FEIRA,S,N,,,,,,,,,
6915,REMES MERC OU BEM PARA CONSERTO,S,N,,,,,,,,,
6916,RETORNO MERC OU BEM RECEB P CONSERTO,S,N,,,,,,,,,
6918,DEVOL DE MERC RECEB EM CONSIG MERCAN OU INDUSTRIAL,S,N,,,,,,,,,
6919,DEVOL SIMB MERC VEND PROCES IND RECEB ANTERIOR,S,N,,,,,,,,,
6920,REMESSA VASILHAME OU SACARIA,S,N,,,,,,,,,
6921,DEVOLUCAO DE VASILHAME OU SACARIA,S,N,,,,,,,,,
6923,REMES MERC POR CONT ORDE DE TERC EM VEND,S,N,,,,,,,,,
6924,REMES P IND POR CONT ADQ MERC QDO N TRAN,S,N,,,,,,,,,
6925,RETORNO MERC RECEB P IND POR CONT ORD AD,S,N,,,,,,,,,
6931,LANC EFET EM DECOR DA RESP RETENCAO DO IMP,S,N,,,,,,,,,
6932,PREST SERV TRANSP INICIADA EM UNID FEDER,S,N,,,,,,,,,
6949,OUTRA SAÍDA DE MERCADORIA OU PRESTAÇÃO DE SERVIÇO NÃO ESPECIFICADO,S,N,,,791,,,,,,N
6201,DEVOLUCAO DE COMPRA P/ COMERCIALIZACAO,S,N,,,,,,,,,
1933,AQUISICAO DE SERVICO TRIBUT PELO ISSQN,N,N,,,,788,,789,,N,N
2933,AQUISICAO DE SERVICO TRIBUT PELO ISSQN,N,N,,,,,,,,S,N
1653,ENTRADA COMBUSTIVEL CONS FINAL,N,N,,,,,,,,N,
1105,COMPRA PROD ESTAB Q NAO DEVA POR ELE TRANSITAR,S,N,,,,,,,,,
2404,COMPRA MERC SUJ REG SUB TRIB C IMPOS JA RECOLHIDO,S,N,,,,,,,,,
1405,COMPRA MERC DE TERCEIROS SUJEITA A ST,S,N,,,,,,,,,
1403,COMERCIALIZACAO EM OP MERCADORIA SUJEITA REGIME STB,S,S,5411,787,,788,,789,,,
6929,LANC EFETUADO DECORR CUPOM FISCAL,N,N,,,,,,,,,N
1656,VENDA DE GAS,,,,,,,,,,,
1655,"VENDA MERC. REC.TERCEIRO ST.,VENDAS",,,,,,,,,,,
5915,REM P/ CONSERTO,S,N,,,,,,,,,
5101,VENDA PRODUCAO PROPRIA,S,N,5202,,,,,,,,
5102,VENDA PRODUTOS DE TERCEIROS,S,N,,,791,,792,,793,,
5116,VENDA PRODUCAO PROPRIA FUTURA ENTREGA,S,N,,,,,,,,,
5124,IND EFETUADA PARA OUTRA EMPRESA,S,N,,,,,,,,,
5125,IND P/ OUTRA EMPRESA VENDA DIRETA,S,N,,,,,,,,,
5152,TRANSFERENCIA MERC DE TERCEIROS,S,N,,,828,,,,,,
5201,DEVOLUÇAO COMPRAS P/ INDUSTRIALIZAÇÃO,S,N,,,,,,,,,
5202,DEVOLUCAO DE COMPRAS PARA COMERCIALIZACAO DENTRO ESTADO,S,N,,,825,,826,,827,,N
5210,DEVOLUCAO DE COMPRAS P/ UTIL PREST SERVICOS,S,N,,,,,,,,,
5405,VENDA MERC DE TERCEIROS SUJEITA A ST,S,N,5411,,791,,792,,793,,
5411,DEVOLUCAO DE COMPRAS PARA COMERCIALIZACAO DENTRO ESTADO ST,S,N,,,825,,826,,827,,N
5551,VENDA DE BEM DO ATIVO IMOBILIZADO,S,N,,,,,,,,,
5553,DEVOLUC  COMPRA DE BEM ATIVO IMOBILIZADO,S,N,,,,,,,,,
5554,REMESSA DE BEM ATIVO IMOBILIZADO P/FORA,S,N,,,,,,,,,
5902,RETORNO DE MERC IND POR ENCOMENDA,S,N,,,,,,,,,
5901,REMESSA P/ INDUSTIALIZACAO POR ENCOMENDA,S,N,,,,,,,,,
5903,RETORNO DE MERC P/ IND E NAO APLICADA,S,N,,,,,,,,,
5910,REMESSA EM BONIFICACAO,S,N,5411,,865,,866,,867,,N
1202,DEVOLUCAO VENDA MERCADORIA,S,N,,870,,871,,872,,,
2202,DEVOLUCAO DE VENDA,S,N,2202,,,,,,,,
1101,COMPRA PARA IND,S,N,,787,,788,,789,,,
1102,COMPRA P/ COMERCIALIZA,S,N,5202,787,,788,,789,,,S
1111,COMPRA P IND CONSIGNADA,S,N,,,,,,,,,
1113,COMPRA P/ COM CONSIG MERCANTIL,S,N,,,,,,,,,
1116,COMPRA P/ IND ORIG DE ENCOMENDA PARA RECEB FUTURO,S,N,,,,,,,,,
1117,COMPRA P/ COM ORIG DE ENCOMENA P/ REB FUTURO,S,N,,,,,,,,,
1118,COMPRA DE MERC P COM P ADQUIRINETE ORIG ENT VENDED,S,N,,,,,,,,,
1120,COMPRA P IND EM VENDA  RECEB PELO VENDED,S,N,,,,,,,,,
1121,COMPRA P/ COM EM VENDA REB VENDEDOR,S,N,,,,,,,,,
1122,COMPRA P/ IND MERC REM PELO FORNECEDOR,S,N,,,,,,,,,
1124,IND EFETUADA POR OUTRA EMPRESA,S,N,,,,,,,,,
1125,IND EFETUADA POR OUTRA EMPRESA,S,N,,,,,,,,,
1126,COMPRA P/ UTILIZACAO NA PREST DE SERV,S,N,,,,,,,,,
1151,TRANSFERENCIA P/ INDUSTRIALIZACAO,S,N,,,,,,,,,
1152,TRANSFERENCIA MERCADORIA,S,N,,845,,,,,,,
1153,TRANSFERENCIA ENERGIA ELET P DISTRIBUICAO,S,N,,,,,,,,,
1154,TRANSFERENCIA P/ UTILIZACAO PREST SERVICO,S,N,,,,,,,,,
1201,DEVOL VENDA PROD DO ESTABELECIMENTO,S,N,,,,,,,,,
1203,DEVOL VENDA PROD ESTAB DEST ZONA FRANCA MANAUS OU,S,N,,,,,,,,,
1204,DEVOL VEND MERC ADQUIRIDA DE TERCEIROS DEST ZONA F,S,N,,,,,,,,,
1205,ANULACAO DE VALOR RELATIVO PREST SERV COMUNICACAO,S,N,,,,,,,,,
1206,ANULACAO VALOR RELATIVO PREST SERV TRANSPORTE,S,N,,,,,,,,,
1207,ANULACAO VALOR RELATIVO VENDA ENERGIA ELETRICA,S,N,,,,,,,,,
1208,DEVOL PROD ESTAB REMET EM TRANSFERENCIA,S,N,,,,,,,,,
1209,DEVOL MERC ADQUIRIDA TERCEIROS REMT TRANSFERENCIA,S,N,,,,,,,,,
1251,COMPRA ENERGIA ELET P/ DISTRIB COMERCIALIZACAO,S,N,,,,,,,,,
1252,COMPRA ENERGIA ELET INDUSTRIAL,S,N,,,,,,,,,
1253,COMPRA ENERGIA ELET COMERCIAL,N,N,,787,,788,,789,,N,
1254,COMPRA ENERGIA ELET ESTAB PRESTADOR SERVICO,S,N,,,,,,,,,
1255,COMPRA ENERGIA ELET ESTAB PREST SERV COMUNICACAO,S,N,,,,,,,,,
1256,COMPRA ENERGIA ELET ESTAB PROD RURAL,S,N,,,,,,,,,
1257,COMPRA ENERGIA ELET P/ CONSUMO DEMANDA CONTRATADA,S,N,,,,,,,,,
1302,AQUISICAO SERV COMUNIC ESTAB INDUSTRIAL,S,N,,,,,,,,,
1303,AQUISICAO SERV COMUNICAO ESTAB COMERCIAL,S,N,,,,,,,,N,
1304,AQUISICAO SERV COMUNIC POR SERV TRANSPORTE,S,N,,,,,,,,,
1305,AQUISICAO SERV COMUNIC POR GERADORA ENERGIA ELETRI,S,N,,,,,,,,,
1306,AQUISICAO SERV COMUNICACAO P/ PROD RURAL,S,N,,,,,,,,,
1351,AQUISCAO SERV TRANSP EXECUCAO SERV MESMA NATUREZA,S,N,,,,,,,,,
1352,AQUISICAO SERV TRANS ESTAB INDUSTRIAL,S,N,,,,,,,,,
1353,AQUISICAO SERV TRANSP ESTAB COMERCIAL,S,N,,,,788,,789,,,
1355,AQUISICAO SERV TRANSP ESTAB DIST ENERGIA ELETRICA,S,N,,,,,,,,,
1356,AQUISCAO SERV TRANSPORTE ESTAB PROD RURAL,S,N,,,,,,,,,
1401,COMPRA P/ IND C/ MERC SUJEITA REG SUB TRIBUTARIA,S,N,,787,,788,,789,,,
1406,COMPRA BEM ATIVO IMOB SUJITA SUB TRIBUTARIA,S,N,,,,,,,,,
1407,CONSUMO,N,N,,787,,,,,,S,
1408,TRANS P/ IND C/ MERC SUJEITA SUB TRIBUTARIA,S,N,,,,,,,,,
1410,DEVOL VENDA PROD PROPRIA  MERC SUJ SUB TRIBUTARIA,S,N,,,,,,,,,
1411,DEVOL VENDA MERC ADQUIRIDA TERC C/ MERC SUJEITA,S,S,,870,,871,,872,,,
1414,RETORNO DE PROD REMET P/ VENDA,S,N,,,,,,,,,
1415,RETORNO PROD REB TERC REM P/ VENDA,S,N,,,,,,,,,
1451,RETORNO ANIMAL ESTAB PRODUTOR,S,N,,,,,,,,,
1452,RETORNO INSUNO NAO UTILIZADO NA PRODUCAO,S,N,,,,,,,,,
1501,ENTRADA MERC RECEB P/ EXPORTACAO,S,N,,,,,,,,,
1504,ENTRADA DEC DEVOL MERC REM P/ EXP,S,N,,,,,,,,,
1551,COMPRA DE BEM P/ ATIVO IMOBILIZADO,N,N,,,,,,,,,
1552,TRANSF DE BEM DO ATIVO IMOBILIZADO,S,N,,,,,,,,,
1553,DEVOL VENDA DE BEM ATIVO IMOBILIZADO,S,N,,,,,,,,,
1555,ENTRADA BEM ATIVO IMOB DE TERC REMET P/ ESTABELECI,S,N,,,,,,,,,
1556,COMPRA MAT P/ USO CONSUMO,N,N,,787,,,,,,N,N
1557,TRANS MAT PARA CONSUMO,S,N,,,,,,,,,
1601,RECEB POR TRANSF CRED ICMS,S,N,,,,,,,,,
1602,RECEB POR TRANS DE SALDO CREDOR ICMS,S,N,,,,,,,,,
1603,RESSARCIMENTO DE ICMS POR SUBST TRIBUTARIA,N,N,,,,,,,,,
1902,RETORNO MERC REMET P/ IND POR ENCOMENDA,S,N,,,,,,,,,
1903,ENTRAD MERC REMET P/ IND E NAO APLIC PROCESSO,S,N,,,,,,,,,
1904,RETORNO REM P/ VENDA FORA DO ESTABELECIMENTO,S,N,,,,,,,,,
1905,ENTRADA MERC RECEB P/ DEP EM DEP FECHADO,S,N,,,,,,,,,
1906,RETORNO MERC REMETIDA P/ DEP FECHADO,S,N,,,,,,,,,
1907,RETORNO SIMB MERC REMT P/ DEP FECHADO,S,N,,,,,,,,,
1908,ENT DE BEM POR CONTA CONTRAT DE COMODATO,S,N,,,,,,,,,
1909,RET DE BEM REMET POR CONTA CONTRAT COMOD,S,N,,,,,,,,,
1910,ENTRADA BONIFICACAO,S,N,,794,,,,,,,N
1911,ENTRADA DE AMOSTRA GRATIS,S,N,,,,,,,,,
1912,ENTRADA MERC P/ DEMONSTRACAO,S,N,,,,,,,,,
1913,RETORNO MERC REMT P/ DEMONSTRACAO,S,N,,,,,,,,,
1914,RETORNO MERC REMET P/ EXPOSICAO OU FEIRA,S,N,,,,,,,,,
1915,ENTRADA MERC REMET P/ CONSERTO OU REPARO,S,N,,,,,,,,,
1916,RETORNO MERC REMET P/ CONSERTO OU REPARO,S,N,,,,,,,,,
1917,ENTRADA MERC RECEB EM CONSIG MERCANT IND,S,N,,,,,,,,,
1918,DEVOL MERC REMET EM CONSIG MERCANT OU IN,S,N,,,,,,,,,
1919,DEVOL SIMB MERC VEND EM PROC IND,S,N,,,,,,,,,
1920,ENTRADA DE VASILHAME OU SACARIA,S,N,,,,,,,,,
1921,RETORNO DE VASILHAME OU SACARIA,S,N,,,,,,,,,
1922,LANC EFETUADO TIT SIMPLES FAT DECOR COMP,S,N,,,,,,,,,N
1923,ENTRADA MERC RECEB VEN REMET EM VENDA,S,N,,,,,,,,,
1924,ENT P/ IND POR CONT ADQUIRINTE MERC,S,N,,,,,,,,,
1925,RETORNO  MERC REMET P/ IND POR CONT ADQU,S,N,,,,,,,,,
1926,LANC EFET A TIT RECLAS MERC FORM KIT,S,N,,,,,,,,,N
1949,PREST SERV NAO ESPECIF,N,N,,,,,,,,N,N
2101,COMPRA P/ INDUSTRIALIZACAO,S,N,,787,,788,,789,,,
2102,COMPRA P/ COMERCIALIZA,S,N,,787,,788,,789,,,
2111,COMPRA P/IND DE MERC RECEB ANT EM CONS,S,N,,,,,,,,,
2113,COMPRA P/ COM DE MERC RECEB ANTERIOR EM,S,N,,,,,,,,,
2116,COMPRA P/ IND ORIG ENCOMENDA P/ RECEB FUTURO,S,N,,,,,,,,,
2117,COMPRA P/ COM ORIG ENCOMENDA P/RECEB FUT,S,N,,,,,,,,,
2118,COMPRA MERC P/ COM PELO AQD ORIG,S,N,,,,,,,,,
2120,COMPRA P/ IND EM VENDA JA RECEB,S,N,,,,,,,,,
2121,COMPRA P/ COMERC EM VENDA JA RECEB AO VE,S,N,,,,,,,,,
2122,COMPRA P/ IND EM Q A MERC FOI REMET P FO,S,N,,,,,,,,,
2125,IND EFETUADA POR OUTRA EMPRESA,S,N,,,,,,,,,
2126,COMPRA P/ UTILIZACAO NA PREST SERVICO,S,N,,,,,,,,,
2151,TRANSFERENCIA P/ INDUSTRIALIZACAO,S,N,,,,,,,,,
2152,TRANSFERNCIA P/ COMERCIALIZACAO,S,N,,,,,,,,,
2153,TRANSFERENCIA DE ENERGIA ELET P/ DISTRIB,S,N,,,,,,,,,
2154,TRANSFERENCIA P/ UTILIZACAO NA PREST SERVICO,S,N,,,,,,,,,
2201,DEVOL VENDA DE PRODUCAO DO ESTABELECIMEN,S,N,,,,,,,,,
2203,DEVOL VENDA PROD DEST ZONA FRANCA OU LIV,S,N,,,,,,,,,
2204,DEVOL VENDA MERC ADQ OU REB TERC DEST ZO,S,N,,,,,,,,,
2205,ANULACAO DE VALOR RELATIVO A PREST SERV,S,N,,,,,,,,,
2206,ANULACAO DE VALOR RELATIVO A PRES SERV TRANSP,S,N,,,,,,,,,
2207,ANULACAO DE VALOR RELAT VENDA ENERG ELET,S,N,,,,,,,,,
2208,DEVOL DE PROD DO ESTAB REMET EM TRANSF,S,N,,,,,,,,,
2209,DEVOL MERC ADQUIRIDA DE TERC REMET EM TR,S,N,,,,,,,,,
2251,COMPRA DE ENERGIA ELET P/ DISTR OU COMER,S,N,,,,,,,,,
2252,COMPRA ENERGIA ELET POR ESTAB INDUSTRIAL,S,N,,,,,,,,,
2253,COMPRA DE ENERGIA ELET POR ESTAB COMERCIAL,S,N,,,,,,,,,
2254,COMPRA ENERGIA ELET POR ESTAB PREST SERVICO TRANSP,S,N,,,,,,,,,
2255,COMPRA DE ENER ELET POR ESTAB PRES SERV DE COMUNIC,S,N,,,,,,,,,
2256,COMPRA ENERG ELET POR EST PROD RURAL,S,N,,,,,,,,,
2257,COMPRA ENERG ELET P/ CONS POR DEMANDA CONTRATADA,S,N,,,,,,,,,
2301,AQUISICAO SERV COMUNICACAO P/ EXEC SERV,S,N,,,,,,,,,
2303,AQUISICAO SERV COMUNIC POR ESTAB COMERCI,S,N,,,,,,,,,
2304,AQUISICAO SERV DE COMINIC POR ESTAB PRES SERV TRAN,S,N,,,,,,,,,
2305,AQUISICAO SERV COMUNIC POR ESTAB DIST ENER ELETRIC,S,N,,,,,,,,,
2306,AQUISICAO DE SERV COMUNIC POR ESTAB PR,S,N,,,,,,,,,
2352,AQUISICAO SERV TRANS POR ESTAB INDUSTRIAL,S,N,,,,,,,,,
2354,AQUISICAO SERV TRANSP POR ESTAB PR SER COMINICACAO,S,N,,,,,,,,,
2355,AQUISICAO SERV TRANSP POR ESTAB DIST EN,S,N,,,,,,,,,
2356,AQUIS SERV TRANSP POR ESTAB PRODUTOR RUR,S,N,,,,,,,,,
2401,COMPRA P/ IND EM OPERACAO C/ MERC S T,S,N,,787,,788,,789,,,
2351,AQUISICAO SERV DE TRANS P/ EXEC SERV,S,N,,,,,,,,,
2403,COMPRA P/ COMERC OPERACAO MERC SUJ SUB T,S,N,,787,,788,,789,,,
2406,COMPRA DE BEM ATIVO IMOB CUJA MERC,S,N,,,,,,,,,
2408,TRANSFERENCIA P/ IND EM OPER SUJ SUB TRI,S,N,,,,,,,,,
2409,TRANSF P/ COM EM OP C/ MERC SUJ REG SUB,S,N,,,,,,,,,
2410,DEVOL VENDA PROD ESTAB OPERC SUJ SUB TRI,S,N,,,,,,,,,
2411,DEVOL VENDA MERC ADQ TERCEI SUJ SUB TRI,S,N,,787,,788,,789,,,
2414,RETORNO PROD ESTAB REMET P/ VENDA F DO ESTAB,S,N,,,,,,,,,
2415,RETORNO MERC AQD REB TERC REMET P/ VENDA,S,N,,,,,,,,,
2503,ENTRADA DECOR DEVOL PROD REMET C/ FIM ESP EXPORT E,S,N,,,,,,,,,
2504,ENTRADA DECOR DEVOL MERC REMET C/ FIM ESP EXPORT,S,N,,,,,,,,,
2551,COMPRA  BEM P/ ATIVO IMOBILIZADO,N,N,,,,,,,,,
2552,TRANSF DE BEM DO ATIVO IMOBILIZADO,S,N,,,,,,,,,N
2553,DEVOL VENDA DE BEM DO ATIVO IMOBILIZADO,S,N,,,,,,,,,
2555,ENTRADA BEM DO ATIVO IMOB DE TERC REMET P/ US DO E,S,N,,,,,,,,,
2556,COMPRA DE MAT P/ USO OU CONSUMO,N,N,,787,,,,,,N,N
2557,TRANSF DE MAT P/ USO OU CONSUMO,S,N,,,,,,,,,
2603,RESSARCIMENTO DE ICMS RET POR SUB TRIBUT,S,N,,,,,,,,,
2901,ENTRADA P/ IND POR ENCOMENDA,S,N,,,,,,,,,
2902,RETORNO MERC REMET P/ IND POR ENCOMENDA,S,N,,,,,,,,,
2904,RETORNO DE REM P/ VENSA FORA ESTABELECIM,S,N,,,,,,,,,
2905,ENTRADA MERC RECEB P/ DEP EM DEP FECHADO,S,N,,,,,,,,,
2906,RETORNO MERC REMET P/ DEP FECHADO OU ARM,S,N,,,,,,,,,
2907,RETORNO SIMB MERC REMET P/ DEP FECHADO,S,N,,,,,,,,,
2908,ENTRADA DE BEM POR CONTA DE CONT COMODATO,S,N,,,,,,,,S,N
2909,RETORNO BEM REMET POR CONTA DE CONT COMODATO,S,N,,,,,,,,,
2911,ENTRADA DE AMOSTRA GRATIS,S,N,,,,,,,,,
2912,ENTRADA MERC RECEB P/ DEMOSTRACAO,S,N,,,,,,,,,
2913,RETORNO MERC OU BEM REMET P/ DEMONSTRACA,S,N,,,,,,,,,
2914,RETORNO MERC OU BEM REMET P/ EXP OU FEIR,S,N,,,,,,,,,
2915,ENTRADA MERC OU BEM RECEB P/ CONSETO,S,N,,,,,,,,,
2916,RETORNO MERC OU BEM REMET P/ CONSERTO,S,N,,,,,,,,,
2917,ENTRADA MERC RECEB EM CONSIG MERCANT IND,S,N,,,,,,,,,
2918,DEVOL DE MERC REMET EM CONSIG MERCANT IN,S,N,,,,,,,,,
2919,DEVOL SIMB MERC VEND OU UTIL EM PROS IND,S,N,,,,,,,,,
2920,ENTRADA VASILHAME OU SACARIA,S,N,,,,,,,,,
2921,RETORNO DE VASILHAME OU SACARIA,S,N,,,,,,,,,
2922,LANCAMENTO EFET TIT SIMPLES FATU DECOR COMPRA FUTURA,S,N,,,,,,,,,
2923,ENTRADA MERC RECEB VEND REMET EM VENDA A,S,N,,,,,,,,,
2924,DIGITE NAT_RESUM_NF,S,N,,,,,,,,,
2925,RETORNO MERC REMET P/ IND POR CONTA,S,N,,,,,,,,,
2949,OUTRA ENTRADA DE MERC NAO ESPECIFICA,N,N,,,,,,,,S,N
5103,VENDA PRODUCAO DO ESTAB EFET FORA ESTAB,S,N,,,,,,,,,
5104,VENDA MERC ADQ DE TERC EFET FORA ESTABEL,S,N,5202,,,,,,,,
5106,VENDA MERC ADQ DE TERC Q NAO DEVA TRANSI,S,N,,,,,,,,,
5109,VENDA PROD ESTAB DEST A ZONA FRANCA E OU,S,N,,,,,,,,,
1157,TRANSFERENCIA MERCADORIA,S,N,,,,,,,,,
2105,Venda prod. estab. n deva por ele transitar / Venda merc. ad,,,,,,,,,,,
2106,Venda prod. estab. n deva por ele transitar / Venda merc. ad,,,,,,,,,,,
1402,venda,,,,,,,,,,,
1662,DEVOL VENDA COMB/LUBRIF,,,,,,,,,,,
1103,VENDA DE MERCADORIA,,,,,,,,,,,
1106,COMPRA MERC ADQ DE TERC Q NAO DEVA TRANSI,S,N,,,,,,,,,
1104,VENDA,,,,,,,,,,,
6206,ANULACAO DE VALOR RELAT A SERV TRANSPORTE,S,N,,,,,,,,,
2656,VENDA DE MERCADORIA TRIBUTADA,,,,,,,,,,,
5661,"DEVOLUCAO DE COMPRA DE COMBUSTIVEL, GLP, LUBRIFICANTE",N,N,,,,,,,,,
1652,"COMPRA COMBUSTIVEL, GLP, LUBRIF PARA REVENDA",S,N,5661,,,,,,,,
1115,VENDA DE MERCADORIA RECEBIDA EM CONSIGNACAO,,,,,,,,,,,
5409,TRANSF MERC ADQ TERC C/ MERC SUJ REG TRI,S,N,,,828,,,,,,
5410,DEVOL COMPRA P/ IND,S,N,,,,,,,,,
5352,PRESTACAO SERV TRANSP A ESTAB IND,S,N,,,,,,,,,
5353,PREST SERV TRANSP ESTAB COMERCIAL,S,N,,,,,,,,,
5354,PRESTACAO SERV TRANSP ESTAB PREST SERV COMUNICACAO,S,N,,,,,,,,,
5355,PREST SERV TRANSP A ESTAB DIST DE ENER ELETRICA,S,N,,,,,,,,,
5356,PREST SERV TRANSP A ESTAB PRODUTOR RURAL,S,N,,,,,,,,,
5357,PREST SERV TRANSP NAO CONTRIBUINTE,S,N,,,,,,,,,
5401,VENDA PROD ESTAB  SUJ  AO REG SUB TRIBUT,S,N,5411,,,,,,,,
5402,VENDA PROD ESTAB SUJ REG SUB TRI CONTRI,S,N,,,,,,,,,
5403,VENDA MERC ADQ TERC OPERC MERC SUJ SUB T,S,N,5411,,791,,792,,793,,
5412,DEVOL MERC DEST USO MERC SUJ REG SUB TRI,S,N,,,,,,,,,
5413,DEVOL MERC DEST USO MERC SUJ SUB TRIBUTA,S,N,,,,,,,,,
5414,REMES PROD ESTAB P/ VEND FORA SUJ R S TR,S,N,,,,,,,,,
5415,REMES MERC ADQ TERC P/ VEND FORA EST S R SUB TRI,S,N,,,,,,,,,
5501,REMS PROD ESTAB C FIM ESPECIFICO DE EXPORTACAO,S,N,,,,,,,,,
5502,REMES MERC ADQ DE TERC C FIM ESP EXPORTACAO,S,N,,,,,,,,,
5503,DEVOL MERC RECEB C FIM ESPECIF EXPORTACAO,S,N,,,,,,,,,
5552,TRANSF BEM ATIVO IMOBILIZADO,S,N,,,,,,,,,
5556,DEVOL COMPRA MATERIAL DE USO OU CONSUMO,S,N,,,,,,,,,
5557,TRANSF DE MATERIAL USO OU CONSUMO,S,N,,,828,,,,,,N
5601,TRANSF CREDITO ICMS ACUMULADO,S,N,,,,,,,,,
5602,TRANSFERENCIA SALDO CREDOR ICMS P OUTRO ESTAB,S,N,,,,,,,,,
5603,RESSARCIMENTO DE ICMS POR SUB TRIBUTARIA,S,N,,,,,,,,,
5905,REMESSA P/ DEPOSITO FECHADO OU ARMA GERAL,S,N,,,,,,,,,
5907,RETORNO SIMB MERC DEPOS EM DEP FECHADO,S,N,,,,,,,,,
5908,REMES DE BEM POR CONT CONTRAT COMODATO,S,N,,,,,,,,,
5909,RETORNO BEM RECEB POR CONT CONTRAT  COMO,S,N,,,,,,,,,N
5911,REMESSA AMOSTRA GRATIS,S,N,,,,,,,,,
5912,REMES MERC OU BEM P DEMONSTRACAO,S,N,,,,,,,,,
5914,REMES MERC BEM P EXPOSICAO OU FEIRA,S,N,,,,,,,,,
5916,RETORNO MERC OU BEM RECEB P CONSERTO,S,N,,,,,,,,,
5917,REMES MERC CONSIG MERCANTIL OU INDUSTRIAL,S,N,,,,,,,,,
5918,DEVOL MERC RECEB EM CONSIG MERCANT OU INDUSTRIAL,S,N,,,,,,,,,
5919,DEVOL SIMB MERC VEND EM PROCES IND,S,N,,,,,,,,,
5921,DEVOL VASILHAME OU SACARIA,S,N,,,,,,,,,
5922,LANC EFET A TITU SIMPLES FAT DECOR VEND,S,N,,,,,,,,,
5923,REMES MERC POR CONT ORD TERC EM VENDA,S,N,,,,,,,,,
5924,REMES P IND POR CONT E ORD ADQ  MERC,S,N,,,,,,,,,
5926,LANC EFET A TITU RECLASSIF MERC DECOR FORM KIT,S,N,,,,,,,,,N
5927,LANC EFET A TITU BAIXA ESTOQ DECOR PERDA,S,N,,,1351,,,,,,N
5928,LANC EFET A TITU BAIXA ESTOQ DECOR ENCER ATIVID EM,S,N,,,,,,,,,
5929,LANC EFET DECOR EMIS DOC FISCAL RELAT A OP,N,S,,,,,,,,,N
5110,VENDA MERC ADQ TERC DEST ZONA FRANCA E O,S,N,,,,,,,,,
5111,VENDA PROD ESTAB REMET ANT EM CONSIG IND,S,N,,,,,,,,,
5112,VENDA MERC ADQ TERC REMET ANT CONDIG IND,S,N,,,,,,,,,
5113,VENDA PROD ESTAB REMET ANT EMCONSIG MERC,S,N,,,,,,,,,
5114,VENDA MERC ADQ TERC REM ANT EM CONSIG ME,S,N,,,,,,,,,
5115,VENDA MERC ADQ DE TERC REB ANT EM CONSIG MERCANTIL,S,N,,,,,,,,,
5118,VENDA PROD ESTAB ENTR AO DEST POR CONT A,S,N,,,,,,,,,
5119,VENDA MERC ADQ TERC ENTR DEST POR CON AD,S,N,,,,,,,,,
5120,VENDA MERC ADQ TERC ENTR AO DEST PELO VE,S,N,,,,,,,,,
5122,VENDA PROD ESTAB REMET P/ IND,S,N,,,,,,,,,
5123,VENDA MERC ADQ RECEB TERC REMET IND,S,N,,,,,,,,,
5151,TRANSFERENCIA DE PROD DO ESTAB,S,N,,,,,,,,,
5153,TRANSFERENCIA DE ENERGIA ELETRICA,S,N,,,,,,,,,
5155,TRANSF PROD ESTAB Q NAO DEVA TRANSITAR,S,N,,,,,,,,,
5156,TRANSFERENCIA MERC ADQ TERC Q NAO DEVA TRANSITAR,S,N,,,,,,,,,
5206,ANULACAO DE VALOR RELAT A SERV TRANSPORT,S,N,,,,,,,,,
5207,ANULACAO VALOR RELAT A COMPR ENER ELETRI,S,N,,,,,,,,,
5208,DEVOL MERC RECEB EM TRANSF P/ INDUSTRIAL,S,N,,,,,,,,,
5209,DEVOL MERC RECEB EM TRANSF P/ COMERCIALI,S,N,,,,,,,,,
5251,VENDA ENERG ELET P/ DISTRIB OU COMERCIAL,S,N,,,,,,,,,
5252,VENDA DE ENERGIA ELETRICA P/ ESTAB INDUS,S,N,,,,,,,,,
5253,VENDA ENERGIA ELET P/ ESTAB COMERCIAL,S,N,,,,,,,,,
5254,VENDA ENERG ELET P/ ESTAB PREST SERV TRANSPORTE,S,N,,,,,,,,,
5255,VENDA ENERG ELET P/ ESTAB PREST SERV COMUNICACAO,S,N,,,,,,,,,
5256,VENDA ENERG ELET P/ ESTAB PROD RURAL,S,N,,,,,,,,,
5257,VENDA ENERG ELET P/ CONSUMO DEMANDA CONTRATADA,S,N,,,,,,,,,
5258,VENDA ENERG ELET E NAO CONTRIBUINTE,S,N,,,,,,,,,
5301,PREST SERV COMUNIC P/ EXEC SERV MESMA NATUREZA,S,N,,,,,,,,,
5302,PREST SERV COMUNIC A ESTAB IND,S,N,,,,,,,,,
5303,PREST SERV COMUNIC A ESTAB COMERCIAL,S,N,,,,,,,,,
5304,PREST SERV COMUNIC ESTAB PREST SERV TRANSP,S,N,,,,,,,,,
5305,PREST SERV COMUNIC ESTAB GERAD ENERG ELE,S,N,,,,,,,,,
5306,PREST SERV COMUNIC  ESTAB PROD RURAL,S,N,,,,,,,,,
5307,PREST SERV COMUNIC A NAO CONTRIBUINTE,S,N,,,,,,,,,
5351,PREST SERV TRANSP P/ EXEC SERV MESMA NATUREZA,S,N,,,,,,,,,
5408,TRANSF PROD ESTAB C/ PDROD SUJ REG TRIBU,S,N,,,,,,,,,
5931,LANC EFET DECOR RESP RETENCAO IMPOST POR SUB TRIB,S,N,,,,,,,,,
5932,PREST SERV TRANSP INIC EM UNID DA FEDE DIVERSA,S,N,,,,,,,,,
5949,REMESSA EM GARANTIA;OUTRA SAIDA DE MERC OU PREST SERV N ESPE,N,N,5411,,791,,792,,793,N,N
2910,ENTRADA BONIFICACAO,S,N,,794,,,,,,,N
6917,REMES MERC EM CONSIG MECANTIL OU INDUSTR,S,N,,,,,,,,,
6922,LANC EFET A TIT SIMPLES FAT DECOR VENDA P ENT FUTU,S,N,,,,,,,,,
6202,DEVOLUCAO DE COMPRAS PARA COMERCIALIZACAO FORA ESTADO,S,N,,,825,,826,,827,,N
1929,AVISTA,,,,,,,,,,,
1927,5927-LANC EFET A TITU BAIXA ESTOQ DECOR PERDA,,,,,,,,,,,
5117,VENDA MERC ADIQ TERCEIROS ENTREGA FUTURA,S,N,,,,,,,,,
1354,AQUISICAO SERV TRANS ESTAB PREST SERV COMUNICAO,S,N,,,,,,,,,
1409,TRANS P/ COM C/ MERC SUJEITA SUB TRIBUTARIA,S,N,,787,,,,,,,
1503,ENTRADA DECORRENTE DE DEVOL P/ EXPORTACAO,S,N,,,,,,,,,
1554,RETORNO BEM DO ATIVO IMOB REMET FORA EST,S,N,,,,,,,,,
1901,ENTRADA P/ IND POR ENCOMENDA,S,N,,,,,,,,,
2302,AQUISICAO DE SERV COMINIC POR ESTAB INDUSTRIAL,S,N,,,,,,,,,
2353,AQUISICAO SE SERV TRANSP POR ESTB COMERCIAL,S,N,,787,,788,,789,,,
2407,COMPRA MERC P/ USO SUJEITA REG SUB TRIBU,N,N,,,,,,,,S,
2501,ENTRADA MERC RECEB C/ FIM ESPECIF DE EXPORTACAO,S,N,,,,,,,,,
2554,RETORNO DE BEM DO ATIVO IMOB REMET P/ USO FORA EST,S,N,,,,,,,,,
2903,ENTRADA DE MERC REMET P/ IND E NAO APL PROCESSO,S,N,,,,,,,,,
5451,REMESSA ANIMAL INSUMO P ESTAB PRODUTOR,S,N,,,,,,,,,
5555,DEVOL BEM ATIVO IMOB TERC P/ USO NO ESTABELECIMENT,S,N,,,,,,,,,
5906,RETORNO MERC DEPOSITADA EM DEP FECH OU ARMA GERAL,S,N,,,,,,,,,
5913,RETORNO MERC OU BEM RECEB P DEMONSTRACAO,S,N,,,,,,,,,
5920,REMESSA VASILHAME OU SACARIA,S,N,,,,,,,,,
5925,RETORNO MERC RECEB P/ IND POR CONT E ORD,S,N,,,,,,,,,
5105,VENDA PROD ESTAB Q NAO DEVA POR ELE TRANSITAR,S,N,5202,,,,,,,,
