aliquota,uf,icm,icm_efetivo,base,cst,lei,csosn
IST,AC,0,0,100,40,,
IST,AL,0,0,100,40,,
IST,AM,0,0,100,40,,
IST,AP,0,0,100,40,,
IST,BA,0,0,100,40,,
IST,CE,0,0,100,40,,
IST,DF,0,0,100,40,,
IST,ES,0,0,100,40,,
IST,GO,0,0,100,40,,
IST,MA,0,0,100,40,,
IST,MG,0,0,100,40,,
IST,MS,0,0,100,40,,
IST,MT,0,0,100,40,,
IST,PA,0,0,100,40,,
IST,PB,0,0,100,40,,
IST,PE,0,0,100,40,,
IST,PI,0,0,100,40,,
IST,PR,0,0,100,40,,
IST,RJ,0,0,100,40,,
IST,RN,0,0,100,40,,
IST,RO,0,0,100,40,,
IST,RR,0,0,100,40,,
IST,RS,0,0,100,40,,
IST,SC,0,0,100,40,,
IST,SE,0,0,100,40,,
IST,SP,0,0,100,40,,
IST,TO,0,0,100,40,,
NTB,AC,0,0,100,0,,
NTB,AL,0,0,100,0,,
NTB,AM,0,0,100,0,,
NTB,AP,0,0,100,0,,
NTB,BA,0,0,100,0,,
NTB,CE,0,0,100,0,,
NTB,DF,0,0,100,0,,
NTB,ES,0,0,100,0,,
NTB,GO,0,0,100,0,,
NTB,MA,0,0,100,0,,
NTB,MG,0,0,100,41,,
NTB,MS,0,0,100,0,,
NTB,MT,0,0,100,0,,
NTB,PA,0,0,100,0,,
NTB,PB,0,0,100,0,,
NTB,PE,0,0,100,0,,
NTB,PI,0,0,100,0,,
NTB,PR,0,0,100,0,,
NTB,RJ,0,0,100,0,,
NTB,RN,0,0,100,0,,
NTB,RO,0,0,100,0,,
NTB,RR,0,0,100,0,,
NTB,RS,0,0,100,0,,
NTB,SC,0,0,100,0,,
NTB,SE,0,0,100,0,,
NTB,SP,0,0,100,0,,
NTB,TO,0,0,100,0,,
STB,AC,0,0,100,60,,
STB,AL,0,0,100,60,,
STB,AM,0,0,100,60,,
STB,AP,0,0,100,60,,
STB,BA,0,0,100,60,,
STB,CE,0,0,100,60,,
STB,DF,0,0,100,60,,
STB,ES,0,0,100,60,,
STB,GO,0,0,100,60,,
STB,MA,0,0,100,60,,
STB,MG,0,0,100,60,,
STB,MS,0,0,100,60,,
STB,MT,0,0,100,60,,
STB,PA,0,0,100,60,,
STB,PB,0,0,100,60,,
STB,PE,0,0,100,60,,
STB,PI,0,0,100,60,,
STB,PR,0,0,100,60,,
STB,RJ,0,0,100,60,,
STB,RN,0,0,100,60,,
STB,RO,0,0,100,60,,
STB,RR,0,0,100,60,,
STB,RS,0,0,100,60,,
STB,SC,0,0,100,60,,
STB,SE,0,0,100,60,,
STB,SP,0,0,100,60,,
STB,TO,0,0,100,60,,
T01,AC,17,17,100,0,,
T01,AL,17,17,100,0,,
T01,AM,17,17,100,0,,
T01,AP,17,17,100,0,,
T01,BA,17,17,100,0,,
T01,CE,17,17,100,0,,
T01,DF,17,17,100,0,,
T01,ES,17,17,100,0,,
T01,GO,7,7,100,0,,
T01,MA,17,17,100,0,,
T01,MG,7,7,100,0,,
T01,MS,17,17,100,0,,
T01,MT,17,17,100,0,,
T01,PA,17,17,100,0,,
T01,PB,17,17,100,0,,
T01,PE,17,17,100,0,,
T01,PI,17,17,100,0,,
T01,PR,17,17,100,0,,
T01,RJ,17,17,100,0,,
T01,RN,17,17,100,0,,
T01,RO,17,17,100,0,,
T01,RR,17,17,100,0,,
T01,RS,17,17,100,0,,
T01,SC,12,12,100,0,,
T01,SE,17,17,100,0,,
T01,SP,17,17,100,0,,
T01,TO,17,17,100,0,,
T02,AC,12,12,100,0,,
T02,AL,12,12,100,0,,
T02,AM,12,12,100,0,,
T02,AP,12,12,100,0,,
T02,BA,12,12,100,0,,
T02,CE,12,12,100,0,,
T02,DF,12,12,100,0,,
T02,ES,12,12,100,0,,
T02,GO,12,12,100,0,,
T02,MA,12,12,100,0,,
T02,MG,12,12,100,0,,
T02,MS,12,12,100,0,,
T02,MT,12,12,100,0,,
T02,PA,12,12,100,0,,
T02,PB,12,12,100,0,,
T02,PE,12,12,100,0,,
T02,PI,12,12,100,0,,
T02,PR,12,12,100,0,,
T02,RJ,12,12,100,0,,
T02,RN,12,12,100,0,,
T02,RO,12,12,100,0,,
T02,RR,12,12,100,0,,
T02,RS,12,12,100,0,,
T02,SC,12,12,100,0,,
T02,SE,12,12,100,0,,
T02,SP,12,12,100,0,,
T02,TO,12,12,100,0,,
T03,AC,7,7,100,0,,
T03,AL,7,7,100,0,,
T03,AM,7,7,100,0,,
T03,AP,7,7,100,0,,
T03,BA,7,7,100,0,,
T03,CE,7,7,100,0,,
T03,DF,7,7,100,0,,
T03,ES,7,7,100,0,,
T03,GO,7,7,100,0,,
T03,MA,7,7,100,0,,
T03,MG,18,18,100,0,,
T03,MS,7,7,100,0,,
T03,MT,7,7,100,0,,
T03,PA,7,7,100,0,,
T03,PB,7,7,100,0,,
T03,PE,7,7,100,0,,
T03,PI,7,7,100,0,,
T03,PR,7,7,100,0,,
T03,RJ,7,7,100,0,,
T03,RN,7,7,100,0,,
T03,RO,7,7,100,0,,
T03,RR,7,7,100,0,,
T03,RS,7,7,100,0,,
T03,SC,7,7,100,0,,
T03,SE,7,7,100,0,,
T03,SP,12,12,100,0,,
T03,TO,7,7,100,0,,
T04,AC,3,3,100,0,,
T04,AL,3,3,100,0,,
T04,AM,3,3,100,0,,
T04,AP,3,3,100,0,,
T04,BA,3,3,100,0,,
T04,CE,3,3,100,0,,
T04,DF,3,3,100,0,,
T04,ES,3,3,100,0,,
T04,GO,3,3,100,0,,
T04,MA,3,3,100,0,,
T04,MG,25,25,100,0,,
T04,MS,3,3,100,0,,
T04,MT,3,3,100,0,,
T04,PA,3,3,100,0,,
T04,PB,3,3,100,0,,
T04,PE,3,3,100,0,,
T04,PI,3,3,100,0,,
T04,PR,3,3,100,0,,
T04,RJ,3,3,100,0,,
T04,RN,3,3,100,0,,
T04,RO,3,3,100,0,,
T04,RR,3,3,100,0,,
T04,RS,3,3,100,0,,
T04,SC,3,3,100,0,,
T04,SE,3,3,100,0,,
T04,SP,3,3,100,0,,
T04,TO,3,3,100,0,,
T05,MG,12,7,41.66,20,,
T06,MG,18,7,61.11,20,,
T07,MG,31,31,100,0,,
T08,MG,18,12,33.33,20,,
T09,MG,18,8.4,53.33,20,,
T10,MG,18,20,0,0,"ITEM 7, PARTE 1, ANEXO I, RICMS/MG",
