codfamilia,descricao,tipo
872,BANHO CR BIO ,P
873,FIXADOR CHARMING ,P
874,OLEO CORP ,P
875,BEBIDA LACTEA ,P
876,CHOC LACTA ,P
877,SOPAO KNORR ,P
878,BISC AMANT ,P
879,ALHO TRITURADO ,P
880,SUCO ART MAX ,P
881,LEITE FERM ,P
882,IOG PAULI ,P
883,MAIONESE MARIA ,P
884,SAB PHEBO ,P
885,SH BIO EXTRATUS ,P
886,BANHO CR BIO ,P
887,SH PERT PLUS ,P
888,SH PALM NAT ,P
889,BALA ARCOR ,P
890,SOPA KNORR ,P
891,BALA ARCOR ,P
892,BALA ARCOR ,P
0,SEM GRUPO,D
1,MERCEARIA SECAO,D
2,CEREAIS,G
3,ARROZ BASICO 5 KG,S
4,ARROZ BASICO MENOS 5 KG,S
5,ARROZ ESPECIAIS,S
6,FEIJAO,S
7,ACUCAR,G
8,ACUCAR CRISTAL,S
9,ACUCAR REFINADO,S
10,FARINACEOS,G
11,DERIVADOS DE MILHO,S
12,FARINHA DE MANDIOCA,S
13,FAROFAS PRONTAS,S
14,FARINHA DE TRIGO,S
15,POLVILHO,S
16,OUTRAS FARINHAS,S
17,GRAOS,G
18,MILHO GRAOS,S
19,PIPOCA GERAL,S
20,AMENDOIM,S
21,OUTROS TIPOS DE GRAOS,S
22,SAL,G
23,REFINADO,S
24,GROSSO,S
25,CESTA,G
26,CESTA BASICA,S
27,CESTA NATAL,S
28,MERCEARIA SALGADA,D
29,MASSAS,G
30,MACARRAO SEMOLA,S
31,MACARRAO,S
32,MACARRAO GRANO DURO,S
33,MASSAS ESP. E PRE-COZIDAS,S
34,MACARRAO INSTANTANEO,S
35,SOPAS,S
36,MACARRAO OUTROS,S
37,ENLATADOS,G
38,AZEITES,S
39,OLEOS ESPECIAIS,S
40,OLEO COMPOSTO,S
41,OLEOS DE SOJA,S
42,MILHO VERDE,S
43,ERVILHAS,S
44,SELETAS,S
45,CONSERVAS SARDINHAS/ATUM,S
46,FEIJOADAS,S
47,EMBUTIDOS (SALSICHAS),S
48,CARNES/PATES,S
49,INSTITUCIONAIS (1KG ACIMA),S
50,CONSERVAS,G
51,AZEITONAS,S
52,PALMITO,S
53,CONSERVAS EM GERAL,S
54,MAIONESE ATE 250 GR,S
55,MAIONESE ACIMA DE 250 GR,S
56,TEMPEROS,G
57,EXTRATO DE TOMATE ATE 350 GR,S
58,EXTRATO DE TOMATE ACIMA 350 GR,S
59,MOLHOS E POLPAS TOMATE,S
60,CATCHUP,S
61,MOSTARDA,S
62,MOLHOS ESPECIAIS,S
63,MOLHO PIMENTA E OUTROS,S
64,VINAGRES,S
65,TEMPEROS EM PO,S
66,TEMPEROS PRONTOS,S
67,CALDOS,S
68,COMPLEMENTO,G
69,BATATA PALHA,S
70,QUEIJO RALADO,S
71,MERCEARIA DOCE,D
72,BOMBONIERE,G
73,BALAS E PIRULITOS EM GERAL,S
74,CHICLETS,S
75,DROPS E PASTILHAS,S
76,CHOCOLATES TABLETES,S
77,BOMBONS,S
78,CONFEITOS E DOCES DE AMENDOIM,S
79,PIPOCA DOCE,S
80,OVOS DE PASCOA,S
81,SOBREMESAS,G
82,GELATINAS,S
83,"PO P/ PUDIM, FLAN, MARIA MOLE",S
84,PREPARO P/ SORVETE,S
85,OUTRAS SOBREMESAS,S
86,MATINAIS,G
87,CAFE EM PO 250 GR,S
88,CAFE EM PO 500 GR,S
89,CAFE SOLUVEL,S
90,CHA E ERVA MATE,S
91,ACHOCOLATADOS ATE 300 GR,S
92,ACHOCOLATADOS ACIMA 300 GR,S
93,CEREAIS MATINAIS,S
94,COMPLEMENTO ALIMENTAR,S
95,LEITE EM PO,S
96,ALIMENT. INFANTIL,G
97,LEITES,S
98,PAPINHAS,S
99,ARROZINA/CREMOGEMA,S
100,CULINARIA DOCE,G
101,CREME DE LEITE,S
102,LEITE CONDENSADO,S
103,COMPLEMENTO,S
104,CONFEITOS,S
105,RECHEIOS E COBERTURA,S
106,FERMENTOS E COALHO,S
107,MISTURAS P/ BOLO E PAO DE QUEIJO,S
108,AMIDO,S
109,DOCES,G
110,COMPOTAS,S
111,DOCES DE LEITE,S
112,DOCES DE FRUTAS,S
113,DOCES EM GERAL/RAPADURA,S
114,GELEIAS,S
115,MEL/MELADOS,S
116,LINHA DIET /LIGHT,G
117,ADOCANTES,S
118,ALIMENTOS INTEGRAIS,S
119,ACHOCOLATADOS,S
120,BALAS DIET,S
121,BEBIDAS LIGHT E DIET,S
122,BISCOITOS E TORRADAS,S
123,CAPPUCCINOS,S
124,CEREAIS EM BARRA,S
125,GELEIAS E DOCES,S
126,SOBREMESAS,S
127,SUCOS E REFRESCOS,S
128,BISCOITOS DOCES,G
129,BISCOITO DOCE RECHEADO,S
130,BISCOITO DOCE WAFFER,S
131,BISCOITO DOCE LEITE,S
132,BISCOITO DOCE AMANTEIGADO,S
133,BISCOITO DOCE MARIA,S
134,BISCOITO DOCE MAIZENA,S
135,BISCOITO DOCE CAIXAS,S
136,BISCOITO DOCE GERAL,S
137,BISCOITOS SALGADOS,G
138,BISCOITO SALGADO AGUA E SAL,S
139,BISCOITO CREAM CRACKER,S
140,BISCOITO SALPET,S
141,BISCOITO SALGADO CAIXAS,S
142,SALGADINHOS,G
143,AMENDOIM E CASTANHAS,S
144,BATATA FRITA,S
145,BISCOITO SALGADO APERITIVOS,S
146,SALGADINHOS SABORES,S
147,PERECIVEIS,D
148,FRIAMBRERIA,G
149,QUEIJOS FATIADOS,S
150,MUSSARELA FATIADA,S
151,PRESUNTO,S
152,APRESUNTADO,S
153,MORTADELA/SALAME/CALABRESA,S
154,LINGUICAS/SALSICHAS,S
155,PATES / ANTEPASTO,S
156,MARGARINA ATE 250 GR,S
157,MARGARINA ACIMA 250 GR,S
158,MASSAS FRESCAS,S
159,DEFUMADOS,S
160,BANHAS E GORDURA VEGETAL,S
161,FERMENTO FRESCO,S
162,LATICINIOS,G
163,IOGURTES BANDEJAS E COPOS,S
164,IOGURTES GARRAFAS,S
165,IOGURTES FUNCIONAIS,S
166,IOGURTES DIET,S
167,BEBIDAS LACTEAS,S
168,LEITES FERMENTADOS,S
169,SOBREMESAS LACTEAS,S
170,LEITES SAQUINHO,S
171,LEITES/BEBIDA LACTEA C/ SABOR,S
172,QUEIJOS FRESCOS,S
173,QUEIJOS ESPECIAIS,S
174,QUEIJO RALADO,S
175,MANTEIGA,S
176,MUSSARELA/LANCHE,S
177,REQUEIJAO COPO,S
178,ESPECIALIDADE LACTEA,S
179,CREME DE LEITE FRESCO,S
180,LEITE LONGA VIDA,S
181,ACHOCOLATADOS PRONTOS,S
182,"RETALHO, PONTAS, APARAS",S
183,CONGELADOS,G
184,DERIVADOS AVES,S
185,DERIVADOS CARNES,S
186,FRANGO (INTEIRO),S
187,LEGUMES CONGELADOS,S
188,MASSAS,S
189,PAO DE QUEIJO,S
190,PEIXES,S
191,POLPA DE FRUTAS E SUCOS,S
192,SALGADINHOS,S
193,SORVETES/PICOLES,S
194,PRATOS PRONTOS,S
195,OUTROS PROD. CONGELADOS,S
196,EMPORIO,G
197,CONSERVAS A GRANEL,S
198,DOCES A GRANEL,S
199,FRUTAS SECAS E CRISTALIZADAS,S
200,ESPECIARIAS,S
201,APERITIVOS A GRANEL,S
202,PADARIA,D
203,PADARIA PROD PROPRIA,G
204,PRODUTOS PROPRIOS PAES,S
205,PRODUTOS PROPR. SALGADOS,S
206,PRODUTOS PROP. BISCOITOS,S
207,PRODUTOS PROP. DOCES,S
208,PAO DE QUEIJO,S
209,PIZZA RESFRIADA INTEIRA,S
210,PRODUT. PROP.TORTAS E BOLOS,S
211,"PRODUT. PROP. PANETTONE, COLOMBA",S
1506,REQUEIJAO ,P
1507,AGUA OXIG ,P
1508,IOG NESTLE ,P
1510,MASCARA INT ,P
1511,AMAC FOFO ,P
1512,ESPUMA BARB ,P
1513,MAC STA AMAL ,P
1514,IOG ITAMBEZINHO ,P
1515,IOG ITAMBE ,P
1516,DESOD SANIT ,P
2000,DANETE 360G,P
2001,DANETE MIX,P
1517,IOG DANONE ,P
1518,MAC INST NISSIN ,P
1519,TINT NIELY COR E TON,P
1520,COND COLORAMA ,P
1521,MIST BOLO ,P
1522,IOG NESTLE ,P
1523,GUARD KITCHEN ,P
1524,SUCO BELLYWASHERS ,P
1525,MARG CREM ,P
1526,GUARANA ANTARCTICA ,P
1527,PEPSI TWIST ,P
1528,TINT BEAUTY ,P
1529,SAB FLEUR ,P
1530,FRALDA DESC ,P
1531,FRALDA DESC ,P
1532,FRALDA DESC ,P
1533,BALA SUPRA ,P
1534,LOCAO NIVEA ,P
1535,CREME PENT ELSEVE 200,P
1536,IOG ITAMBE ,P
1537,CERA SAPATO ,P
1538,MILHO PIP ,P
1539,CREME ALIS ,P
1540,VINHO CHATEAU ,P
1541,IOG ARALAT ,P
1542,IOG ARALAT ,P
1543,SALG ELMA ,P
1544,VINHO COUNTRY ,P
1545,SUCO ART CAMP ,P
1546,PAPEL HIG ,P
1547,COND MONANGE ,P
1548,SH MONANGE ,P
1549,TEMPERAFACIL ,P
1550,VINHO NATAL ,P
1551,DESOD DOVE ,P
1552,DESINF DETERGEL ,P
1555,FRALDA DESC ,P
1556,FRALDA DESC ,P
1557,TINT SOFT ,P
1558,PICOLE NESTLE ,P
1559,MARATHON TANGERINA ,P
1560,PAO FORMA ,P
1561,PAO FORMA ,P
1562,BEBIDA LACTEA ,P
1563,CANETA BIC ,P
1564,LEITE FERM ,P
1565,SCHIN ITUBAINA ,P
1566,TEMP SABOR ,P
1567,BISC CRACKER ,P
1568,SAB FLOR YPE ,P
1569,GELEIA ARISCO ,P
1570,BISC BONO ,P
1571,BISC LEITE ,P
1572,SH DENOREX ,P
1573,COND GOTA ,P
1574,BOLO BAUDUCCO ,P
1575,LEITE LONGA ,P
1576,IOG VIGOR ,P
1577,OVO PASCOA ,P
1578,MAC GALO SEMOLA ,P
1579,MAC GALO SEMOLA ,P
1580,PAPEL HIG ,P
1581,MAC INST RENATA ,P
1582,DOCE FAMA ,P
1583,MAC RENATA ,P
1584,MIX CEREAIS ,P
1585,SORVETE SCHLEP ,P
1586,DESOD REXONA ,P
1587,SH GOTA PLUS ,P
1588,BISC WAFER ,P
1589,MINI POTE ,P
1590,AMAC YPE ACONCHEGO ,P
1591,LIMP YPE MULTIUSO ,P
1592,TORTINHA MABEL ,P
1593,BISC RECH ,P
1594,CHOC ARCOR ,P
1595,AMAC POLITRIZ ,P
1596,DESINFETANTE ,P
1597,CERA POLITRIZ ,P
1598,SUCO DELVALLE ,P
1599,DETERG ESTRELA ,P
1600,SUCO C/ SOJA ,P
1601,SUCO C/SOJA/MACA ,P
1602,LAVA ROUPAS ,P
1603,PAPEL HIG ,P
1604,SAND IPAN ,P
1605,AMAC Q BOA ,P
1606,SOPAO KITANO ,P
1607,SOPINHA NESTLE ,P
1608,DESINFET POLITRIZ ,P
1609,DESINF PINHO ,P
1610,TEMP SAZON ,P
1611,CALDO JUREMA ,P
1612,SUKITA BRAHMA ,P
1613,CREME KANECHOMN ,P
1614,LIMP AJAX ,P
1615,BANDEJA LAMINADA ,P
1616,AGUA AQUARIUS 510ML,P
1617,FILT DOCE ,P
1618,SUCO TOP FRUIT ,P
1619,AGRIN TOSCANO ,P
1620,SH CLEAR ANTIC ,P
1621,MATE COURO ,P
1622,GUARANA PETPLUS ,P
1623,MATE COURO ,P
1624,VODKA MISTA ,P
1625,MAC REIMASSAS ,P
1626,DESOD CONTOURE ,P
1627,BISC RECH ,P
1628,IOG NESTLE ,P
1629,COND ENLACE ,P
1630,LEITE FERM ,P
1631,SARDINHA GOMES ,P
1632,MIST BOLO ,P
1633,MAC VILMA ,P
1634,MAC VILMA OVOS 500G,P
1635,SUCO ART VILMA ,P
1636,MIST BOLO ,P
1637,MIST BOLO ,P
1638,MIST BOLO VILMA 400G,P
1639,MIST BOLO ,P
1640,SUCO ART VILMA ,P
1641,CAFE MELITTA ,P
1642,LOCAO DAVENE ,P
1643,AGUA AQUARIUS 1.5L,P
1644,IOG. ACTIVIA ,P
1645,MIST BOLO ,P
1646,SALG ELMA ,P
1647,LEITE FERM ,P
1648,REFRESC NESTLE ,P
1649,SH NEWCARE ,P
1650,COXAO MOLE ,P
1651,SOPA MAGGI ,P
1652,PALHA ACO ,P
1653,DEO COLONIA ,P
1654,FAROFA PRATA ,P
1655,IOG DANONE ,P
1656,CALDO MAIT? ,P
1657,LIMP SANIT ,P
1658,DETERG PO ,P
1659,SUCO ADES ,P
1660,BISC MARILAN ,P
1661,PANO POLITRIZ ,P
1662,LEITE FERM ,P
1663,SUCO SUFRESH ,P
1664,SUCO SUFRESH ,P
1665,DESINF AZULIM ,P
1666,BISC VISCONT ,P
1667,ATUM GOMES ,P
1668,SH SEDA ONDAS ,P
1669,COND SEDA ,P
1671,LOCAO HIDRAT ,P
1672,SH DOVE LISOS ,P
1673,SH DOVE POS ,P
1674,COND DOVE 400ML,P
1675,SAB LIQ DETTOL ,P
1676,LIMP BRILHANTE ,P
1677,BOLO RENATA ,P
1678,SOPA KNORR ,P
1679,MOLHO TOM ,P
1680,GELATINA BRETZKE ,P
1681,MAC RENATA ,P
1682,MAC RENATA ,P
1683,COOKIE KODILAR ,P
1684,SUCO ART ICEBEL ,P
1685,SUCO ART ICEBEL ,P
1686,TINT COLOR ,P
1687,FRALDA DESC ,P
1688,MILHO PIPOCA ,P
1689,BISNAGUINHA ,P
1690,SOPA JUREMA ,P
1691,CALDO KNORR ,P
1692,DESOD REXONA ,P
1693,SAND IPAN ,P
1694,JUNCO VELA ,P
1695,JUNCO VELA ,P
1696,VELA RAIO ,P
1697,PAPEL HIG ,P
1698,PAPEL HIG ,P
1699,FRALDA DESC ,P
1700,BISC SALG ,P
1701,SH COLORAMA ,P
1702,IOG NESTLE ,P
1703,KIT SEDA SH+COND ,P
1704,SPRAY P/PENT ,P
1705,SERUM PARA ,P
1706,SAB HIDRATANTE ,P
1707,COALHADA CANTO ,P
1708,SAB JOHNSON ,P
1709,SOPA KNORR ,P
1710,BISC AMANT ,P
1711,BISC RECH ,P
1712,BISC TORTINI ,P
1713,BISC WAFER ,P
1714,PIZZA REZENDE ,P
1715,ESTOJO ESCOLAR ,P
1716,SUCO ART VILMA ,P
1717,SUCO ART PALADAR ,P
1718,BISC RECHEADINHO ,P
1719,PIRULITO ERLAN ,P
1720,MILHO PIPOCA ,P
1721,CEREAL HERSHEYS ,P
1722,CHOC HERSHEYS ,P
1723,SAB LIQ LUX ,P
1724,SAB LIQ DOVE ,P
1725,CEREAL NUTRIBOM ,P
1726,SUCO ADES ,P
1727,SUCO ADES ,P
1728,SUCO ADES ,P
1729,SUCO ART REFRESK ,P
1730,MAC INST SANDELLA ,P
1731,SAND HAMB ,P
1732,BISC MABEL ,P
1733,NECTAR MAXIMO ,P
1734,PAPEL HIG ,P
1735,ESCOVA DENT ,P
1736,DESOD REXONA ,P
1737,KIT SEDA SH+COND+IPANEMA ,P
1738,DESODORIZ ,P
1739,DETERG PO ,P
1740,BEBIDA LACTEA ,P
1741,ODORIZ SANIT ,P
1742,LEITE FERM ,P
1743,MOLHO TOM ,P
1744,ABS INTERNO TAMPAX,P
1745,SUSTARE CRIANCA ,P
1746,LAVA ROUPAS ,P
1747,MIST BOLO ,P
1748,ODORIZ SENSE ,P
1749,TINT CASTING ,P
1750,CIGARRO RCE ,P
1751,CIGARRO RCE ,P
1752,CIGARRO RCE ,P
1753,CIG SOUZA CARLTON,P
1754,CIG SOUZA DERBY,P
1755,CIG SOUZA FREE KS,P
1756,CIG SOUZA FREE BOX,P
1757,CIGARRO SOUZA ,P
1758,CIGARRO SOUZA ,P
1759,CIGARRO SOUZA ,P
1760,CIGARRO SOUZA ,P
1761,BISC TORTINHA ,P
1762,HAMBURGUER ,P
1763,ODORIZ SANIT ,P
1764,IOG CALUZINHO ,P
1765,IOG CALUZINHO ,P
1766,BISC BAUDUCCO ,P
1767,DESOD ENLACE ,P
1768,MOLHO TOM ,P
6140,ICE,P
1769,CREME TRAT DOVE 350G,P
1770,CREME KANECHOMN ,P
1771,SUCO DEL VALLE ,P
1772,LEITE FERM ,P
1773,SH CLEAR ANTIC ,P
1774,TEMP KNORR ,P
1775,CHOC BEL MESCLADA ,P
1776,GELEIA QBERRY ,P
1777,GELEIA QBERRY ,P
1778,SAND IPAN ,P
1779,LEITE FERM ,P
1780,LEITE FERM ,P
1781,LEITE FERM ,P
1782,SUCO ART YOKI ,P
1783,CERA INGLEZA ,P
1784,SOPA INST ,P
1785,SAB LIQ DOVE ,P
1786,IOG DANONE ,P
1787,SUSTAIN DANONE ,P
1788,DESINF PINHO ,P
1789,AMAC MON BIJOU ,P
1790,SAB DAVENE ,P
1791,TRAT CHOC ,P
1792,SAB XUXINHA ,P
1793,DESOD ENLACE ,P
1794,SUSTAIN DANONE ,P
1795,DETERG PO BRILHANTE 1KG,P
1796,SH XUXINHA ,P
1797,CHICLE ARCOR ,P
1798,SAB LIQ LUX ,P
1799,SAB LIQ DOVE ,P
1800,CHOC SALWARE ,P
1801,LEVITTA SEMENTE ,P
1802,SUP LIGHT ,P
1803,SUPINO LIFE ,P
1804,SUPINO TRAD ,P
1805,GELATINA ZERO ,P
1806,MIST BOLO ,P
1807,CHICLE TRIDENT ,P
1808,PAO WICKBOLD ,P
1809,FLAN DANONE ,P
1810,LEITE FERM ,P
1811,IOG DANONE ,P
1812,RACAO HEROI ,P
1813,IOG CANTO ,P
1814,QUEIJO CANTO ,P
1815,FRALDA DESC ,P
1816,GLADE SENSE ,P
1817,BISC ROSQ ,P
1818,TORRADA MABEL ,P
1819,NESTON BEBIDA ,P
1820,CALDO SANTA ,P
1821,SALG ELMA ,P
1822,IOG ARALAT ,P
1823,VINHO VINTISQUEIRO ,P
1824,IOG VIGOR ,P
1825,ACAI EXPRESSO ,P
1826,BISNAGUINHA ,P
1827,BOLO CASA ,P
1828,TINT CASTING ,P
1829,SAB LIQ LUX ,P
1830,LEITE PO NINHO ,P
1831,SAB LIFEBUOY ,P
1832,SAB LIQ LIFEBUOY ,P
1833,SH LINDINHA ,P
1834,CREME DEPIL ,P
1835,LIMP AZULIM ,P
1836,FANTA LARANJA ,P
1837,DESOD MONANGE ,P
1838,DESOD ADIDAS ,P
1839,KIT SH/COND ,P
1840,FRALDA DESC ,P
1841,FRALDA DESC ,P
1842,DESOD MONANGE ,P
1843,SAB LIFEBUOY ,P
1844,KIT SH CLEAR ,P
1845,LEITE FERM ,P
1846,SAB LIQ LIFIBUOY ,P
1847,DESOD NIELY ,P
1848,POWER DE LIMAO ,P
1849,ODORIZ GLADE ,P
1850,NINHO FRUTI ,P
1851,ROCAMBOLE ,P
1852,SH CLEAR SUAV ,P
1853,CHICLE TOPLINE ,P
1854,SUCO JANDAIA ,P
1855,SUCO JANDAIA ,P
1856,SAB ACTION ,P
1857,ALFAJOR MONTEV ,P
1858,FRALDA S. ,P
1859,GELATINA SANTA ,P
1860,SPRAY DOVE ,P
1861,SALG ELMA ,P
1862,BOLO INTEGRAL ,P
1863,BOLO LIGHT ,P
1864,COOKIES INTEGRAL ,P
1865,CEREAL ORG ,P
1866,BALAS TARUMA ,P
1867,MIST BOLO ,P
1868,MIST BOLO ,P
1869,GELATINA FLEISCHMANN ,P
1870,GELATINA FLEISCHMANN ,P
1871,GELATINA FLEISCHMANN ,P
1872,TEMP ARISCO ,P
1873,TEMP ARISCO ,P
1874,PAO 12 GRAOS ,P
1875,GEL FIX RADICAL ,P
1876,COND GOLD ,P
1877,LASANHA PERDIGAO ,P
1878,MEU MENU PERD ,P
1879,PIZZA PERDIGAO ,P
1880,PATE PERDIGAO ,P
1881,SACO LIXO ,P
1882,SAB LIQ LUCRETIN ,P
1883,LIMP PATO ,P
1884,LIMP PATO ,P
1885,DESOD GILLETE ,P
1886,BEBIDA LACTEA ,P
1887,HALLS CREAMY ,P
1888,BISC EQLIBRI ,P
1889,CHICLE TRIDENT ,P
1890,GATORADE LIMAO ,P
1891,CANECA INFANTIL ,P
1892,MILHO PIP ,P
1893,YOKITOS PEITO ,P
1894,MIST BOLO ,P
1895,ODORIZ GLADE ,P
1896,COND TRESEMME 750ML,P
1897,COND TRESEMME 400ML,P
1898,SH TRESEMME ,P
1899,SH TRESEMME ,P
1900,CREME PENT TRESSEME 300ML,P
1901,LIMP SANIT ,P
1902,SUCO ART FRUCTUS ,P
1903,SAND IPAN ,P
1904,GUARANA ANTARCTICA ,P
1905,SALG ELMA ,P
1906,MARG QUALY ,P
1907,CREMOGEMA ,P
1908,GATORADE ABACAXI ,P
1909,AVEIA QUAKER ,P
1910,LIMP OPTIMUM ,P
1911,COCA COLA 310ML,P
1912,COCA COLA ,P
1913,COCA COLA ,P
1914,SUSTAGEN CHOCOLATE ,P
1915,CHOC LACTA ,P
1916,BISC BIS LAKA ,P
1917,TALCO TENYS ,P
1918,MAC STA AMAL ,P
1919,AGRIN CASTELO ,P
1920,VINHO CHAPINHA ,P
1921,PUDIM DOCE ,P
1922,GELATINA BRETZKE ,P
1923,GELATINA BRETZKE ,P
1924,CORTEZANO ,P
1925,LEITE AVEIA ,P
1926,DETERG YPE ,P
1927,GELEIA RITTER ,P
1928,PAPEL TOALHA ,P
1929,MAC BASILAR ,P
1930,CERA POLYLAR ,P
1931,GUARANA MINEIRO ,P
1932,SAB PALMOLIVE ,P
1933,AMAC COMFORT ,P
1934,SUCO ART TANG ,P
2002,STICK,P
2060,TINT NUTRISSE,D
2160,COMIDA JAPONESA,S
2180,SAB REXONA 84G,P
2220,LIMP PERF MR MUSCULO 900ML,P
3282,SUCO DO BEM 200ML,P
3283,SUCO DO BEM 330ML,P
3380,PIPOCA PRONTA YOKI 50G,P
3700,CHANDELLE 360G,P
4960,SUCO DELVALLE INTEGRAL 1L,P
4961,SUCO DELVALLE 1.5L,P
4980,GEL DENT CONTENTE KIDS 50G,P
4981,ANTISEPTICO BUCAL CONTENTE LV500 PG350ML,P
5043,SORV KIBON CREMOS 2 LT,P
5044,SORV KIBON CREMOS 2 LT,P
5083,CR PENTEAR SALON LINE 500G,P
5103,DESINFETANTE POLITRIZ 5L,P
5123,BEB LACTEA PULSI 180G,P
5124,BEB LACT PULSI 900G,P
5125,IOG TREVO BALL 130,P
5126,IOG TREVO INTEGRAL 170G,P
5127,TREVO GREGO 100,P
5143,KIBON SORVETE 80ML,P
3760,DANIO 125G,P
3840,DANONE ACTIVIA 0% LACTOSE 850G,P
3841,DANONE CAFE MANHA 170G,P
3842,AMENDOIM STA HELENA KG,P
3880,SH PANTENE 400ML,P
3900,BISCOITO 3F KG,P
3922,HILTON KS,P
3960,DESOD REAVAZON CREME 55G,P
3961,DESOD REALVAZON ROLLON 60ML,P
3980,BELVITA 90G,P
3981,CLUB SOCIAL SANDUBA 45G,P
3982,CLUB SOCIAL 144G,P
3983,HALLS MINI 15G,P
3984,CHA TANG 25G,P
3985,BISC RECH OREO 90G,P
4041,CAPELETTI MEZZANI 400G,P
4042,RAVIOLI MEZZANI 400G,P
4060,TEMP TQ CHEF KIT AMAC,P
4101,SAB PROTEX 4X1 90G,P
4102,SAB LIQ DOVE 400ML,P
4103,SAB LIQ DOVE 200ML,P
4261,CIG SOUZA CRUZ FRRE KENT CONTROL,P
4540,KIT TINT MAXTON,P
4560,HARPIC PEDRA SANITARIA 20G,P
4580,MORDEDOR NEOPAN,P
4621,ODORIZ GLADE 360ML,P
4721,NUTRY FRUTAS,P
3860,AMAC TUFF 3L,P
3920,DESODO REXONA CLINICAL 48G,P
3921,CANETA BIC CRISTAL,P
3940,AMAC ESTRELA 2L,P
4104,FIO DENTAL JOHNSON 50M,P
4105,COLONIA JOHNSONS BABY 200ML,P
4106,COND GARNIER FRUCTIS ANTICASPA,P
4107,IOG CANTO MINAS GREGO DUO 100G,P
4108,IOG CANTO MINAS GREGO DUO 120G,P
4109,COALHADA CANTO MINAS 0% LACTOSE 500G,P
4160,SH PLUSBELLE 1L,P
4161,COND PLUSBELLE 1L,P
4300,CORPUS 170G,P
4401,CHOC LACTA 90G,P
4421,TALENTO 90G,P
4460,DETERG SURF 500G,P
4640,ENERGETICO MONSTER 473ML,P
4681,SH BIOHAIR 350ML,P
4682,COND BIOHAIR 350ML,P
4683,CREME TRAT BIOHAIR 400G,P
4684,CREME PENT BIOHAIR 300G,P
4686,KIT BIOHAIR COND/SH 350ML,P
4780,DANONINHO P/BEB 100G,P
4880,AROMA COALA SPRAY 120ML,P
4881,AROMA COALA 140ML,P
4900,AMPOLA REALVAZON 10ML,P
4940,DESOD MONANGE 150ML,P
4941,HIDRAT MONANGE 400ML,P
3843,TORRADA VISCONTI 140G,P
4000,SACO LIXO SANTA MARIA VIP,P
4021,ESCOVA DENT TIMES,P
4022,SAB PALMOLIVE 270G,P
4027,PAPEL HIG DUETTO FD 50M,P
4100,HIDRAT DOVE 400ML,P
4140,SH JOHNSON CRESCIDINHOS 200ML,P
4180,MIST BOLO VILMA S/ACUCAR 340G,P
4181,MAC VILMA SEMOLA 500G,P
4182,MAC VILMA INT 500G,P
4200,BISC QUAKER 140G,P
4220,BATATA PRINGLES 128G,P
4320,TEST1,S
4340,IOG ACTIVIA 0% 1.250G,P
4360,DANONE GREGO 600G,P
4361,DANONINHO 320G,P
4440,BARRINHA KODILAR 25G,P
4480,INSETICIDA RAID 45N REFIL,P
4520,SOUZA CRUZ DUNHILL FINE CUT,P
4620,MARTINI 965ML,P
4740,CASAFLOR 1.75L,P
4760,RESTAURANTE,D
4801,CREME P/PENTEAR PANTENE 240G,P
4802,KIT HEAD & SHOULDERS 200ML,P
4803,DESOD OLD SPICE 93G/150ML,P
4804,DESOD GILLETTE AER 93G/150ML,P
4840,CREME MEL SORV 1.8L,P
4841,SORVETE CREME MEL 1.5L,P
4860,SORVETE VARIATTA 1.8L,P
4861,SORVETE PERFETTO 2L,P
4862,SORVETE VARIATTA 1L,P
4920,PRESERVATIVO OLLA 3UN,P
3780,SAB DOVE 90G,P
3800,DESOD JOHNSONS AER,P
3820,NUGGETS 300G,P
3941,CIG SOUZA DUNHILL KS,P
3942,CIG SOUZA DUNHILL BOX,P
4023,CIF CREMOSO 500ML,P
4024,CHOC LACTA 20G,P
4025,CERA DEP IPHIGENY 500G,P
4026,CIF CREM 250ML,P
4080,COOKIES TODDY 150G,P
4120,COLONIA JOHNSONS 200ML,P
4240,NESFIT 200G,P
4241,BARRA CEREAL NESFIT 60G,P
4280,ODORIZ GLADE RF 12ML,P
4380,REXONA 64G,P
4500,CR DENT CONTENTE KIDS 50G,P
4602,SABOR VIDA,S
4603,SABOR VIDA 100G,P
4605,SABOR VIDA 85G,P
4660,KIBON MOUSSE 1.5L,P
4700,PALHEIROS CANARINHO,P
4701,PALHEIROS L7,P
4702,PALHEIROS CANARINHO SLIM,P
4821,AMPOLA PANTENE 15ML,P
5185,LINGUICAS ESPECIAIS,S
5244,CLUB SOCIAL 80G,P
5405,MASCARA BOTHANICO 250G,P
5040,DELVALLE GOIABA/MANGA INTEGRAL 1 LT,P
5042,SUCO DELVALLE MANGA/GOIABA 1 LT,P
5063,FRALDA PANTEX PACOTAO,P
5205,LINGUICAS ESPECIAIS,P
5206,LINGUICAS ESPECIAIS,S
5210,SAB NIVEA CX 90G,P
5243,SAB LIQ PROTEX,P
5263,MOLHO LIZA SALADA,P
5283,KAMILA,P
5303,BATATA PALHA RIBSNACK 40G,P
5304,BATATA RIBSNACK 90G,P
5343,VEJA PERF 1L 30%,P
5363,COND CLEAR 400ML,P
5384,SORVETE CREME MEL 1.5L,P
5403,SH BOTHANICO 200ML,P
5404,COND BOTHANICO 250ML,P
5406,AGUA OXIGENADA ONLY,P
5407,MASCARA BIOHAIR 1KG,P
5408,LIMP PERFUMADO AZULIM 1L,P
5409,ODORIZADOR ONLY 360ML,P
5423,NECTAR DELVALLE 900ML,P
5443,DOCE ABELHINHA 700G,P
5444,DOCE ABELHINHA 700G ESPECIAL,P
5483,IOG APRECIARE WHEY 24G,P
5503,BISC FLAMBOYANT RECH,P
5504,BISC FLAMBOYANT WAFER,P
5505,BISC FLAMBOYANT 400G,P
5506,IOG TREVINHO 900G,P
5507,IOG TREVINHO ZERO 900G,P
5508,IOG TREVINHO 180G,P
5523,SUCO MAGUARY 150ML,P
5543,VINHO PERGOLA BORDO 1L,P
5000,MOLHO MARS SALADA 234G,P
5001,MOLHO MARS CREM 34G,P
5020,RACAO PURINA DOG CHOW 100G,P
5223,ACTIVIA 150G,P
5323,LASANHA PERDIGAO 600,P
5383,MARTINI 750ML,P
5509,REFRIGERANTE MINEIRO 269ML,P
5603,BISC TORTINI 90G,P
5604,VINHO CANCAO COLLER 750ML,P
5703,DELVALLE NECTAR 250ML,P
5704,ROCA BARBANTE ARTESAO,P
5763,FAR SAMAPI TEMP 350G,P
5764,GELIA BEM ACOMPANHADO 210G,P
5765,MR MUSCULO LIMP PERF 500ML,P
5766,LUSTRA MOV BRAVO 200ML,P
5767,OLEO PEROBA 100ML,P
5768,SIDRA CERESER,P
5769,MOLHO TOM POMAROLA SACHE 340G,P
5770,PALHA ACO ASSOLAN,P
5771,PATE COQUEIRO 170G,P
5803,QUALY 250G,P
5843,IOG TREVINHO 1300G,P
5844,IOG QJO QUARK 100G,P
5643,BISC DANIX,P
5683,BISC WAFER AMANDA 110G,P
5684,BISC AMANDA RECH 110G,P
5685,BISC RECH HIPOPO 110G,P
5723,HERSHEYS SPECIAL DARK 100G,P
5823,LIMP PISO AZULIM PERF,P
5863,AMAC MON BIJU 5L,P
5563,TRIDENT 9S,P
5743,COOKIES TODDY,P
5783,COOKIES WICKBOLD 60G,P
5784,TA PRONTO WICKBOLD 300G,P
5583,TRIDENT 18S,P
5584,BISC LACTA 90G,P
5623,COND TRESEMME 200ML,P
5624,"ELIMINADOR CASAFLOR PET 1,75",P
5663,COOKIES FLAMBOYANT,P
5664,AROMA CASAFLOR 240ML,P
5665,NEWCAR POLITRIZ 60G,P
2024,COND JOHNSONS 200ML,D
2140,SUCO DAFRUTA 200ML,P
2040,VIM CLORO ADIT 750ML,D
2120,BOLO CANECA,P
2240,SAB LIQ AXE,D
2080,SORVETE NESTLE ESPECIAIS,D
2200,REFIL BOM AR WICK,P
2020,ABS CAREFREE 40UN,D
2021,ABS CAREFREE 60UN,D
2022,PROTETOR DIARIO INTIMUS DAYS 15UN,D
2023,DESOD AROMA AR POLITRIZ,D
2101,FLV FRACIONADOS,S
1213,BALCAO DEGUSTACAO ,P
1214,SALG ELMA ,P
1215,SALG ELMA ,P
1216,DESOD AXE ROLLON,P
1217,DESOD DOVE ,P
1218,FRALDA DESC ,P
1219,ABS INTERNO INTIMUS,P
1220,CR DENT COLGATE ,P
1221,BISC SALG ,P
1222,JUNCO FORMA ,P
1223,FILE SARDINHA ,P
1224,IOG NESTLE ,P
1225,BISC SALG ,P
1226,ATUM SANTA ,P
1227,SARDINHA SANTA ,P
1228,MIST BOLO ,P
1229,JUNCO BALOES ,P
1230,DELICIAS CARNE ,P
1231,COND COLORAMA ,P
1232,BISC WAFER ,P
1233,PAPINHA NESTLE ,P
1234,HAMBURGUER ,P
1235,SH GARNIER ,P
1236,REPARADOR ,P
1237,SH PANTENE ,P
1238,SH BIO EXTRATUS ,P
1239,SORVETE NESTLE ,P
1240,TINT WELLATON ,P
1241,SH JUVENA ,P
1242,LIMP SANIT ,P
1243,TINT GARNIER ,P
1244,CHICLE TRIDENT ,P
1245,CR DENT CLOSE ,P
1246,MIST BOLO ,P
1247,CREME VEG ,P
1248,BISC AMANT ,P
1249,CERA INGLEZA ,P
1250,TINT SEDA ,P
1251,BALA ERLAN ,P
1252,DESOD DOVE AER,P
1253,CR DENT CLOSE ,P
1254,BEB MISTA ,P
1255,SH KANEC VITA ,P
1256,COND KANEC ,P
1257,LOCAO CREM ,P
1258,CREME TRAT GARNIER,P
1259,CHA PRETO ,P
1260,GELATINA MAITA ,P
1262,COND PHYTOERVAS ,P
1263,CREME PENT GARNIER,P
1264,BISC WAFER ,P
1265,CHICLE TRIDENT ,P
1266,CHICLE TRIDENT ,P
1267,ESSENCIA POLITRIZ ,P
1268,BEBIDA LACTEA ,P
1269,SACO LIXO ,P
1270,JUNCO VELAS ,P
1271,JUNCO PAPEL ,P
1272,JUNCO FAIXA ,P
1273,JUNCO PRATO ,P
1274,SOBREM MOCA ,P
1275,IOG NESTLE ,P
1276,DESINF PINHO ,P
1277,SH DENOREX ,P
1278,DESOD HERBISSIMO ,P
1279,DETERG POLITRIZ ,P
1280,IOG NESTLE ,P
1281,DESOD GELLUS ,P
1282,DETERG MINUANO ,P
1283,DESINF MINUANO ,P
1284,MAC REIMASSAS ,P
1285,MIST BOLO ,P
1286,MIST BOLO ,P
1287,MAC INST REIMASSAS ,P
1288,BISC BAUDUCCO ,P
1289,BISC BAUD ,P
1290,SUCO DEL VALLE ,P
1291,CALDO MAGGI ,P
1292,SOPA MAGGI ,P
1293,SOPAO MAGGI ,P
1294,SAND IPAN ,P
1295,SNACKS GOOD ,P
1296,GOODCOOKIES ,P
1297,AMAC MINUANO ,P
1298,GOODCOOKIES ,P
1299,GOODCOOKIES ,P
1300,GOODCOOKIES ,P
1301,LEITE LONGA ,P
1302,BISC RECH ,P
1303,SH CEBOLINHA ,P
1304,SUCO KAPO ,P
1305,BISC RECH ,P
1306,DESOD NUSS ,P
1307,DESOD CORPO ,P
1308,CHICLE CHICLETS ,P
1309,HIGIPORO LIMP ,P
1310,SAB LIQ NIVEA ,P
1311,AMAC CASABELLA ,P
1312,JUNCO BALAO ,P
1313,LIMP TOT. ,P
1314,CEREAL RITTER ,P
1315,CERA POLITRIZ ,P
1316,MANTEIGA CALU ,P
1317,CR PENT AROMA ,P
1318,SH PHYTOERVAS ,P
1319,COND OX USO ,P
1320,ROCAMBOLE ,P
1321,TORRADA BAUDUCCO ,P
1322,DESOD FRANCIS ,P
1323,ODORIZ GLADE ,P
1324,SALG ELMA ,P
1325,SAND IPAN ,P
1326,SAND IPAN ,P
1327,LUSTRA MOV ,P
1328,DESOD AXE AER,P
1329,CREME PENT DOVE 200ML,P
1330,SOPA INST ,P
1331,COND DARLING ,P
1332,CORANTE LIQ ,P
1333,SAND IPAN ,P
1334,SAND IPAN ,P
1335,SAND IPAN ,P
1336,BISC MABEL ,P
1337,SAND IPAN ,P
1338,BOLINHO BAUDUCCO ,P
1339,BOLO GULOSOS ,P
1340,LIMP PERF ,P
1341,LENCOS UMED ,P
1342,SUCO ALL DAY ,P
1343,ELIM ODOR ,P
1344,FRALDA DESC ,P
1345,BISC BAUDUCCO ,P
1346,TINT FLEURY ,P
1347,TINT MAXTON ,P
1348,OVOS SAITO ,P
1349,GUARANA COTUBA ,P
1350,ESPUMA BARBEAR ,P
1351,CERA DEPIL ,P
1352,CERA BRAVO ,P
1353,MAC STA AMAL ,P
1354,CREME ORIGEM ,P
1355,SAPOLIO RADIUM ,P
1357,LIMP OPTIMUM ,P
1358,BISC BAUDUCCO ,P
1359,SH FRANCIS ,P
1360,SAB LIQ PALMOLIVE ,P
1361,BISC BAUD ,P
1362,CERA BRAVO ,P
1363,VINHO CAMPO ,P
1364,MAC STA AMAL ,P
1365,SAB LIQ DAVENE ,P
1366,SAB PALMOLIVE ,P
1367,SAB PROTEX ,P
1368,SH NEUTROX ,P
1369,COND NEUTROX ,P
1370,LIMP AJAX ,P
1371,SH XUXINHA ,P
1372,TALCO TENYS ,P
1373,IOG DANONE ,P
1374,AMAC COMFORT ,P
1375,VINHO CHATEAU ,P
1376,SAB LUX SUAVE ,P
1377,SAB POM POM ,P
1378,COND GARNIER ,P
1379,VINHO STA ,P
1380,SALG ELMA ,P
1381,JUNCO VELAS ,P
1382,CR DENT COLGATE ,P
1383,JUNCO VELAS ,P
1384,LEITE LONGA ,P
1385,DESINF MINUANO ,P
1386,SH BIO EXTRATUS ,P
1387,COND BIO EXTRATUS ,P
1388,SH PALM NAT ,P
1389,GELATINA OETKER ,P
1390,LIMP RESOLV ,P
1391,CONCHA GRANDE ,P
1392,LIMP VEJA ,P
1393,HALLS SUGAR ,P
1394,SALG ELMA ,P
1395,BISC TORTINI ,P
1396,BISC WAFER ,P
1397,DESOD REXONA ,P
1398,CREME PENT PALMOLIVE 300,P
1399,MAC REIMASSAS ,P
1400,DOCE FAMA ,P
1401,CERA NUGGET ,P
1402,GELATINA OETKER ,P
1403,TINT ERVAS ,P
1404,SUCO C/ SOJA ,P
1405,BISC RECH ,P
1406,COND SEDA ,P
1407,MARG QUALY ,P
1408,SH SEDA SELECTIVE ,P
1409,VINHO SALTON ,P
1410,PIZZA PIF ,P
1411,DESOD REXONA ,P
1412,PAO FORMA ,P
1413,PAO WICKBOLD ,P
1414,PAO CENTEIO ,P
1415,BOLO CASA ,P
1416,BOLO CASA ,P
1417,PAO NAT TRIG ,P
1418,PAO S/ CASCA ,P
1419,PAO FORMA ,P
1420,PAO P/ HAMBURGUER ,P
1421,VOLLKORN BROT ,P
1422,TORRADA WICKBOLD ,P
1423,BOLO CASA ,P
1424,MOLHO KENKO ,P
1425,MOLHO KENKO ,P
1426,COBERTURA ,P
1427,PAO SIRIO ,P
1428,CR DENT CLOSE ,P
1429,LOCAO HIDRAT ,P
1430,SORVETE KIBON ,P
1431,AMAC POLYLAR ,P
1432,DETERG PO ,P
1433,FRALDA DESC ,P
1434,COND SEDA ,P
1436,SAB FRANCIS ,P
1437,APAR BARB ,P
1438,SAB LUX LUXO ,P
1439,CHOC GAROTO ,P
1440,TEMP MAIS ,P
1441,SAB GESSY ,P
1442,SH GARNIER ,P
1443,LASANHA PIF ,P
1444,CHOC HERSHEYS ,P
1445,ESPONJA PONJITA ,P
1446,CATCHUP JUREMA ,P
1447,GELATINA OETKER ,P
1448,SH KOLENE ,P
1450,PO SORVETE ,P
1451,CR DENT CLOSE ,P
1452,DESOD BANHO ,P
1453,SALG ELMA ,P
1454,JUNCO VELAS ,P
1455,GELATINA ROYAL ,P
1456,CREME VEG ,P
1457,PRESERVATIVO ,P
1458,SAB ALBANY ,P
1459,AGUARD NECTAR ,P
1460,DOCE LEITE ,P
1461,DOCE LEITE ,P
1462,BARBANTE S ,P
1463,COND PALMOL ,P
1464,MASCARA BIO ,P
1465,SABAO QUADRO ,P
1466,PURIF BOM ,P
1467,MASSA FRESCARINI ,P
1468,CERA SAPATO ,P
1469,LIMP CASA ,P
1470,FRALDA DESC ,P
1471,ESMALTE COLORAMA ,P
1472,COND PAIXAO ,P
1473,ESMALTE ANA ,P
1474,DOCE LEITE ,P
1475,SORVETE KIBON ,P
1476,SAND IPAN ,P
1477,TEMP TOK KNORR ,P
1478,OLEO COMPOSTO ,P
1479,CALDO MAGGI ,P
1480,PUDIM OETKER ,P
1481,SH DAVENE ,P
1482,GELATINA OETKER ,P
1483,CEREAL NUTRY ,P
1484,ALHO PURO ,P
1485,SOPAO ARISCO ,P
1486,DETERG PO ,P
1487,LOCAO NIVEA ,P
1488,PAPEL HIG ,P
1489,MOLHO CHURRASCO ,P
1490,BISC LAM MARILAN ,P
1491,SH INF SNOOPY ,P
1492,CEREAL NUTRY ,P
1493,AMAC COMFORT ,P
1494,IOG NESTLE ,P
1495,CHOC NESTLE ,P
1496,IOG NESTLE ,P
1497,LIMP VEJA ,P
1498,IOG NESTLE ,P
1499,CREME TRAT TRESSEME 1KG,P
1500,CHUV DUCHAS ,P
1501,SAB FRANCIS ,P
1502,DETERG PO ,P
1503,LOCAO FACIAL ,P
1504,IOG ITAMBE ,P
1505,BEBIDA LACT ,P
2420,A,S
2480,FAROFA NATIVA DE MINAS,P
2500,GLADE GASS AP 8G,R
2560,SBP AUTOMAT REFIL,P
2563,BOM AR AIR WICK 16ML,P
2580,JUNCO FORMA PAPEL 100UN,P
2620,SALG ELMA LAYS 30G,P
2680,PASTILHA ADESIVA HARPIC 3N,P
2684,SAB LIQ DETTOL REFIL 250ML,P
2780,SH DOVE BABY REFIL 180ML,P
2865,AZEITONA RIVOLI RECH 130G,P
2960,SAB LIQ LUX REFIL 220ML,P
2961,CR TRAT TRESEMME 400G,P
2980,DANONE LIQ 900G,P
3260,SH JOHNSON BABY 200ML,P
3320,DANONE FAMILIA 1.350KG,P
3360,HOT HIT SEARA 145G,P
3361,ASSIM ASSADO TOSCANO,P
3400,MAC FLAMBOYANT OVOS 500G,P
3560,ODORIZ GLADE AUTOM REFIL 269ML,P
3640,CHANDELLE CHANTILLY 200G,P
3641,IOG NESTLE GREGO 90G,P
3740,LYSOFORM 500ML,P
3741,LYSOFORM 1L,P
2280,LIMP VEJA 30% GRATIS,D
2300,MAC STA AMALIA SPECIALE,P
2320,LIMP PISO CASA FLOR POLITRIZ 1L,P
2400,CARNES SWIFT,S
2440,OLEO COMPOSTO MARIA 500ML,P
2442,SAND HAVAIANA BRASIL,P
2544,KIBON LIGHT,P
2600,NOVA ONDA 2L,P
2641,SH TRESEMME 400ML,P
2740,BISCOITO AYMORE 375G,P
2760,SAPONACEO CIF REFIL 100ML,P
2784,SAB LIQ DOVE BABY 200ML,P
2800,IOG MOLICO 400G,P
2842,CREME AVELA FLORMEL 150G,P
2900,FRALDA DESC CREMER PACOTINHO,P
2901,BEB LACTEA PIRACANJUBA 200ML,P
2920,COND PANTENE 200ML,P
3020,WHISKAS 85G,P
3021,PETISCO DREAMYES 40G,P
3022,PEDIGREE LATA 290G,P
3160,VEJA LIMPEZA PESADA 500ML,P
3161,BISCOITO POLVILHO NAZINHA 100G,P
3162,SEQUILHOS NAZINHA 150G,P
3163,PIMENTA FOGO MINEIRO 60ML,P
3460,REXONA COMPRIM 56G/85ML,P
3461,DOVE COMPRIM 54G/85ML,P
3540,SHAKE LINEA 450G,P
3541,SHAKE LINEA 400G,P
3580,GELEIA RITTER 310G,P
3600,GREGO PAULI 95G,P
3620,VINHO SERRA NEVADA 750ML,P
3660,DESOD SUAVE 95G/160ML,P
3680,SORVETE CREME MEL 2L,P
3681,SORVETE CREME MEL 450G,P
3742,FRALDA DESC MILI JUMBO,P
2340,CON MONANGE 350ML,P
2380,GLADE GEL CAR 70G,P
2460,RACAO LEROY 1KG,P
2501,GLADE REF 8G,P
2540,KIBON 3 SELECOES,P
2543,KIBON SORVETERIA 1.5L,P
2562,LEROY COCKTEL,P
2564,PATO PASTILHA 3UN,P
2702,GREGO VIGOR 100G,P
2781,SH DOVE BABY 200ML,P
2782,SH DOVE BABY 400ML,P
2783,SAB DOVE BABY 75G,P
2820,AMPOLA ELSEVE 15ML,P
2840,CHA FEEL GOOD 1L,P
2845,DANONE PED 400G,P
2880,PAPINHA HEINZ 113G,P
2940,MAGGI SUCULENTO 25G,P
3000,COOKIES BAUDUCCO 140G,P
3001,DETOX 20G,P
3060,FRALDA DESC T MONICA PROMOCIONAL,P
3080,SH GARNIER ANTICASPA 200ML,P
3180,TEMPERAFACIL KODILAR 32G,P
3200,TUB WAFER MONTEVERGINE 48G,P
3340,CANTO MINAS 180G,P
3341,ALIM DE SOJA CANTO MINAS 500ML,P
3342,BEB LACTEA CANTO MINAS 540G,P
3420,DETERG LIQ AZULIM 500ML,P
3440,MAC BARILLA 500G,P
3462,MULTIUSO BRILHANTE 500ML,P
3500,BOMGUY RACAO 300G,P
3520,DANONE ACTIVIA LIGHT 900G,P
3521,DANONE DAN UP 300G,P
3720,ACTIVIA 400G LIGHT,P
2260,MAIONESE LIZA SACHE 196G,P
2360,SAB PROTEX LV6 PG5,P
2441,OLEO COMPOSTO MARIA 500ML,P
2541,KIBON BLAST,P
2542,KIBON CREMOSISSIMO,P
2561,BOM AR VELA AROMAT,P
2681,BOM AR AIR WICK 345ML,P
2682,BOM AR CLICK AP,P
2701,DELVALLE 100% 200ML,P
2720,LASANHA SEARA 600G,P
2721,PIZZA SEARA 460G,P
2841,DOCE FLORMEL ZERO ACUCAR 210G,P
2843,ALIMENTO CEMIL C/SOJA 1L,P
2863,"CHA CARMENCITA 37,5G",P
2864,VINAGRE LA PASTINA VINHO 500ML,P
2866,RUFFLES SENSACOES 90G,P
3040,PEDIGREE 100G,P
3100,MOLHO TOSCANO 240ML,P
3120,WHISKAS 290G,P
3121,ALIM C/SOJA MAIS VITA 1L,P
3164,CROKISSIMO 90G,P
3165,CROKISSOMO 500G,P
3220,IOG CORPUS GREGO 100G,P
3300,SUCO MAIS 1L,P
3480,CEREAL LINEA 25G,P
3481,CEREAL LINEA 75G,P
3482,GELATINA LINEA 10G,P
3483,GELEIA LINEA 230G,P
3542,DANONE GREGO 100G,P
2520,ITUBAINA,P
2640,DESOD JOHNSONS ROLLON 50ML,P
2660,BOM AR NATURE PERF,P
2683,BOM AR WICK 80G,P
2700,DELVALLE 100% 1L,P
2844,BEBIDA FRUT 1.5L,P
2860,LA PASTINA NA BRASA 145G,P
2861,MOLHO ITAL LA PASTINA 320G,P
2862,CROSTINI LA PASTINA 200G,P
2867,DANONE GREGO 400G,P
3140,MANUTENCAO PREDIAL,S
3240,FELTRIN SEMENTES UN,P
3280,FRISKIES 1KG,P
3281,FRISKIES 85G,P
213,PRODUTOS TERCEIROS PAES,S
214,PRODUTOS PAES INTEGRAIS,S
215,PIZZA RESFRIADA TERCEIRIZADA,S
216,PRODUT. TERCEIR. TORTAS E BOLOS,S
217,PRODUT DE TERCEIROS BISCOITOS,S
218,"PRODUT DETERCEIROS PANETTONES, COLOMBAS",S
219,PRODUT DETERCEIROS OUTROS,S
220,LANCHONETE,G
221,SALGADINHOS LANCHONETE,S
222,DOCES LANCHONETE,S
223,SUCOS/VITAMINA LANCHONETE,S
224,CAFE EM GERAL LANCHONETE,S
225,REFRIGERANTES LANCHONETE,S
226,SANDUICHES,S
227,SALADA DE FRUTAS,S
228,TORTAS FATIA,S
229,PIZZA/EMPADAO,S
230,ROTISSERIA,G
231,ASSADOS EM GERAL,S
232,PRATOS PRONTOS,S
233,ACOUGUE,D
234,ACOUGUE,G
235,CARNES BOVINAS,S
236,CARNES SUINAS,S
237,CARNES AVES CORTES,S
238,FRANGO INTEIRO RESFRIADO,S
239,CARNES TEMPERADAS,S
240,CARNES ESPECIAIS,S
241,"SALSICHA, LINGUICA A GRANEL",S
242,SALGADOS,S
243,"CARNES ASSADAS (BOV, SUI E AVES)",S
244,PEIXARIA,G
245,PEIXES,S
246,FRUTOS DO MAR,S
247,BACALHAU,S
249,HORTIFRUTI,D
250,HORTIFRUTI,G
251,FRUTAS,S
252,VERDURAS,S
253,LEGUMES,S
254,OVOS DE GALINHA,S
255,OUTROS OVOS,S
256,ORGANICOS/HIDROPONICOS,S
257,ALHO,S
258,BEBIDAS,D
259,DESTILADAS,G
260,AGUARDENTES,S
261,APERITIVOS AMARGOS,S
262,APERITIVOS DOCES/VERMOUTH,S
263,CHAMPAGNE/ESPUMANTE/SIDRA,S
264,CONHAQUE,S
265,LICORES,S
266,VODKA/RUM/GIN/TEQUILA/SAKE,S
267,WHISKY IMPORTADO,S
268,WHISKY NACIONAL,S
269,VINHOS,G
270,VINHO NACIONAL,S
271,VINHO IMPORTADO,S
272,VINHO GARRAFAO,S
273,CERVEJAS,G
274,CERVEJA LATA 350,S
275,CERVEJA LATAO,S
276,CERVEJA GRF ATE 250ML,S
277,CERVEJA GARRAFA 600ML,S
278,CERVEJA GARRAFA LITRO,S
279,NAO ALCOOLICAS,G
280,AGUAS,S
281,ENERGETICOS/ISOTONICOS,S
282,REFRESCO PO ENVELOPES,S
283,REFRESCO PO 240 GR,S
284,REFRESCO PO 1 KG,S
285,SUCO CONCENTRADO,S
286,SUCOS PRONTOS,S
287,SUCOS INTEGRAIS,S
288,XAROPES,S
289,REFRIGERANTES,G
290,REFRIGERANTE CACULA ATE 250ML,S
291,REFRIGERANTE GARRAFA,S
292,REFRIGERANTE LATA,S
293,REFRIGERANTE 500/600 ML.,S
294,REFRIGERANTE PET COLAS,S
295,REFRIGERANTE PET GUARANA,S
296,REFRIGERANTE PET SABORES,S
297,PERFUMARIA,D
298,ABSORVENTES,G
299,ABSORVENTES C/ ABAS,S
300,ABSORVENTES S/ ABAS,S
301,ABSORVENTES ESPECIAIS,S
302,HIGIENE CORPORAL,G
303,PAPEL HIGIENICO C/ 4,S
304,PAPEL HIGIENICO C/ 8,S
305,PAPEL HIGIENICO,S
306,FRALDA GERIATRICA,S
307,ESPONJAS / ESCOVAS BANHO,S
308,HASTES FLEXIVEIS,S
309,LENCOS UMEDECIDOS,S
310,HIGIENE BEBE,G
311,FRALDAS P/ BEBE,S
312,OLEOS,S
313,SABONETES,S
314,SHAMPOO,S
212,PAD. PRODUTO TERCEIROS,G
315,TALCOS,S
316,CREMES PARA ASSADURAS,S
317,ARTIGOS DIVERSOS P/ BEBES,S
318,SHAMPOO,G
319,MEDICINAIS,S
320,SHAMPOO ATE 250 ML,S
321,SHAMPOO ACIMA DE 250 ML,S
322,DESODORANTES,G
323,DESOD. AEROSOIS,S
324,DESOD. CREMES,S
325,DESOD. ROLLON,S
326,DESOD. SPRAYS,S
327,SABONETES,G
328,SABONETES LIQUIDOS,S
329,SABONETES ATE 90 GR,S
330,SABONETES ACIMA DE 90 GR,S
331,HIGIENE BUCAL,G
332,CREME DENTAL ATE 90 GR,S
333,CREME DENTAL ACIMA 90 GR,S
334,ESCOVAS DE DENTES,S
335,ENXAGUANTE BUCAL,S
336,FIO DENTAL,S
337,FARMACIA,G
338,ALGODAO,S
339,CURATIVOS,S
340,OUTROS FARMACOS,S
341,PRESERVATIVOS,S
342,COSMETICOS,D
343,BRONZEADORES,G
344,LOCOES BRONZEADORAS,S
345,FILTROS SOLARES,S
346,OLEOS BRONZEADORES,S
347,HIDRATANTES,G
348,CREMES HIDRATANTES,S
349,LOCOES HIDRATANTES,S
350,COLONIAS,G
351,COLONIAS E PERFUMES,S
352,TALCOS,S
353,PRODUTOS CAPILARES,G
354,CONDICIONADORES ATE 250 ML,S
355,CONDICIONADORES ACIMA DE 250ML,S
356,CREMES P/ HIDRAT. E RELAXAMENTO,S
357,CREMES P/ PENTEAR MENOS DE 01 KG,S
358,CREMES P/ PENTEAR 01 KG E ACIMA,S
359,"GEL, FIXADORES E MOUSSES",S
360,TINTURAS,S
361,ACESSORIOS CAPILARES,S
362,PROD. MANICURE,G
363,ACETONA/AGUA OXIGENADA,S
364,ESMALTES,S
365,MAQUIAGEM,S
366,ACESSORIOS MANICURE,S
367,ACESSORIOS DEPILACAO,S
368,BARBEARIA,G
369,APARELHOS DESCARTAVEIS,S
370,CREMES E LOCOES P/ BARBEAR,S
371,LAMINAS (REFIL),S
372,ACESSORIOS BARBEARIA,S
373,LIMPEZA,D
374,LIMPEZA DE PISOS,G
375,LIMPEZA DE PISOS,S
376,CERAS LIQUIDAS,S
377,CERAS EM PASTA,S
378,REMOVEDORES PISO,S
379,LIMPEZA DE BANHEIROS,G
380,DESINFETANTES ATE 500 ML,S
381,DESINFETANTES ACIMA 500 ML,S
382,DESODORIZADORES,S
383,LIMPEZA PESADA,S
384,LIMPEZA DE COZINHA,G
385,DESENGORDURANTES,S
386,DESENTUPIDORES DE PIAS,S
387,DETERGENTES LIQUIDOS E GEL,S
388,LIMPADORES ALUMINIO E INOX,S
389,LIMPA FORNO,S
390,SAPONACEOS LIQUIDOS,S
391,SAPONACEOS PASTA E PO,S
392,PRODUTOS P/ LAVA LOUCAS,S
393,ESPONJAS,G
394,ESPONJAS DE ACO,S
395,ESPONJAS SINTETICAS,S
396,LIMPEZA DA CASA,G
397,LIMPEZA GERAL,S
398,MULTI USO,S
399,ALCOOL EM GERAL,S
400,LIMPA VIDROS,S
401,PURIFICADORES DE AR,S
402,LAVANDERIA (ROUPAS),G
403,SABAO EM PO ATE 500 GR,S
404,SABAO EM PO 1 KG,S
405,SABAO LIQUIDO,S
406,SABAO EM BARRA,S
407,"AMACIANTES ROUPAS ATE 1,5 L",S
408,"AMACIANTES ROUPAS ACIMA 1,5 L",S
409,AGUA SANITARIA,S
410,ALVEJANTES E CLORO,S
411,"CORANTES, TIRA MANCHAS, GOMA",S
412,PRODUTOS P/ PASSAR ROUPAS,S
413,INSETICIDAS,G
414,APARELHOS E REFIL,S
415,INSETICIDAS AEROSOIS,S
416,INSETICIDAS LIQUIDOS,S
417,INSETICIDAS SOLIDOS E EM PO,S
418,POLIDORES,G
419,LUSTRA METAIS,S
420,LUSTRA MOVEIS,S
421,CERAS P/ CALCADOS,G
422,POMADAS P/ CALCADOS LIQUIDAS,S
423,POMADASP/ CALCADOS PASTAS,S
424,ACESSORIOS P/ LIMPEZA DE CALCADO,S
425,BAZAR GERAL,D
426,PRODUTOS AUTOMOTIVOS,G
427,ACESSORIOS AUTOMOTIVOS,S
428,BATERIAS AUTOMOTIVAS,S
429,CERAS AUTOMOTIVAS,S
430,DESENGRAXANTES E OLEOS LUBRIFICANTES,S
431,DESODORIZADORES,S
432,ESTOPAS E ESPONJAS,S
433,LIMPADORES E LAVA AUTOS,S
434,PNEUS,S
435,FERRAMENTARIA,G
436,CHUVEIROS E TORNEIRAS,S
437,FERRAGENS,S
438,FERRAMENTAS,S
439,LAMPADAS,S
440,MATERIAL ELETRICO,S
441,MATERIAL HIDRAULICO,S
442,PALHA DE ACO,S
443,COLAS,S
444,ARTIGOS RURAIS,S
445,LINHA INOX,G
446,BAIXELAS,S
447,LINHA SOBREMESA,S
448,PANELAS,S
449,TALHERES,S
450,ALUMINIOS,G
451,JOGOS DE PANELAS,S
452,LEITEIRAS/CANECOS,S
453,PANELAS,S
454,UTILIDADES COZINHA,G
455,ARTIGOS DE MADEIRA,S
456,ESCORREDORES,S
457,"FILTROS EM GERAL, VELA P/ FILTRO",S
458,FOSFORO,S
459,FRUTEIRAS,S
460,PENEIRAS,S
461,VELAS COMUNS,S
462,OUTRAS UTILIDADES COZINHA,S
463,ACESSORIOS PARA CAFE,G
464,COADORES DE PANO,S
465,FILTROS DE PAPEL,S
466,GARRAFA TERMICA,S
467,SUPORTES PARA FILTRO DE PAPEL,S
468,"VIDROS, CRISTAIS, PORCELANA",G
469,APARELHOS DE JANTAR,S
470,COPOS E TACAS,S
471,JARRAS E GARRAFAS,S
472,PRATOS,S
473,"REFRATARIOS, ASSADEIRAS E FORMAS",S
474,PLASTICOS,G
475,"BALDES, CESTOS E BACIAS",S
476,CABIDES,S
477,"FEIRINHA (PLASVALE, PLASUTIL...)",S
478,PLASTICOS EM GERAL,S
479,DESCARTAVEIS,G
480,EMBALAGENS PLASTICAS,S
481,EMBALAGENS TERMICAS,S
482,FILME PVC,S
483,GUARDANAPOS,S
484,PAPEL ALUMINIO/LAMINADO/MANTEIGA,S
485,TOALHA PAPEL,S
486,PALITO DE DENTE,S
487,FESTAS,G
488,COPOS DESCARTAVEIS,S
489,PRATOS DESCARTAVEIS,S
490,TALHERES PLASTICOS,S
491,VELAS ANIVERSARIO,S
492,ACESSORIOS P/ FESTA,S
493,ENCARTELADOS,G
494,ENCARTELADOS COZINHA,S
495,ENCARTELADOS ELETRICO,S
496,ENCARTELADOS FERRAGENS,S
497,ENCARTELADOS FERRAMENTAS,S
498,ENCARTELADOS HIDRAULICO,S
499,ENCARTELADOS MANICURE,S
500,ENCARTELADOS USO PESSOAL,S
501,OUTROS ENCARTELADOS,S
502,LIMPEZA CASEIRA,G
503,ACESSORIOS LIMPEZA DE CASA,S
504,"CORDAS VARAL, VARAL TETO, PREGADORES",S
505,ESCOVAS ROUPAS,S
506,FLANELAS E PANOS DE LIMPEZA,S
507,"RODOS, VASSOURAS E PAS",S
508,SACOS PARA LIXO,S
509,TABUAS DE PASSAR ROUPAS,S
510,PAPELARIA,G
511,ACESSORIOS ESCOLARES,S
512,"CADERNOS, AGENDAS",S
513,CANETAS / LAPIS,S
514,LIVROS E REVISTAS,S
515,"MOCHILAS, PASTAS E FICHARIOS",S
516,CARTOES COMEMORATIVOS,S
517,CAMPING E PESCA,G
518,ARTIGOS DE PESCARIA,S
519,NAUTICA,S
520,"BARRACAS, MESAS E CADEIRAS PLASTICAS",S
521,CARVAO,S
522,CHURRASQUEIRA,S
523,ESPETOS E GRELHAS,S
524,ISOPOR E CAIXA TERMICA,S
525,"LANTERNAS, LAMPIOES E LAMPARINAS",S
526,BRINQUEDOS,G
527,BARALHOS/JOGOS,S
528,BRINQUEDOS,S
529,HORTA E JARDIM,G
530,ACESSORIOS JARDINAGEM,S
531,ADUBOS,S
532,FOLHAGENS E FLORES,S
533,MOVEIS,S
534,VASOS E PRATOS,S
535,SEMENTES,S
536,RACOES,G
537,ACESSORIOS DE PET SHOP,S
538,RACAO P/ AVES,S
539,RACAO P/ CAES,S
540,RACAO P/ GATOS,S
541,OUTRAS RACOES,S
542,TABACARIA,G
543,ACESSORIOS TABACARIA,S
544,CIGARROS,S
545,FUMO DE ROLO OU CORDA,S
546,TEXTIL,D
547,CALCADOS,G
548,CHINELO INFANTIL (ATE 32),S
549,CHINELO ADULTO,S
550,SAPATOS E BOTAS,S
551,TENIS,S
552,ROUPAS,G
553,ROUPAS BEBE,S
554,ROUPAS INFANTO JUVENIS,S
555,ROUPAS FEMININAS,S
556,ROUPAS MASCULINAS,S
557,ACESSORIOS VESTUARIO,S
558,ARMARINHO,S
559,"CAMA, MESA, BANHO",G
560,CAMA,S
561,MESA,S
562,BANHO,S
563,COZINHA,S
564,TAPETES,S
565,ELETRO,D
566,ELETRODOMESTICOS EM GERAL,G
567,PORTATEIS,S
568,CD - DVD,S
569,CELULARES/TELEFONIA,S
570,PILHAS,S
571,INFORMATICA,S
572,LINHA BRANCA,S
573,MOVEIS E COLCHOES,S
574,TELEVISORES,S
575,INSUMOS DE PRODUCAO,D
576,MATERIA-PRIMA PRODUCAO,G
577,ACOUGUE,S
578,PADARIA,S
579,RESTAURANTE E/OU ROTISSERIA,S
580,MATERIAIS PARA USO,D
581,ALMOXARIFADO,G
582,EMBALAGENS ACOUGUE,S
583,EMBALAGENS FRENTE DE LOJA,S
584,EMBALAGENS PADARIA,S
585,EMBALAGENS DO HORTI,S
586,MATERIAIS P/ ESCRITORIO,S
587,MATERIAIS P/ USO INFORMATICA,S
588,MATERIAIS P/ LIMPEZA,S
589,MATERIAIS EPI E UNIFORMES,S
590,DESPESAS,D
591,APROPRIACAO DE DESPESAS,G
592,DESPESAS ADMINISTRATIVAS,S
593,TAXA DE ENTREGA,S
594,TRANSPORTE,S
595,OUTRAS,S
596,ATIVO IMOBILIZADO,D
597,ATIVO IMOBILIZADO,G
598,IMOVEIS,S
599,MAQUINAS e UTENSILIOS,S
600,MOVEIS,S
893,LAVA ROUPAS ,P
894,MOLHO TOM ,P
895,LINHA COSTURA ,P
896,TINT LUMINOUS ,P
897,TINT BIOCOLOR ,P
898,SUSTARE S/ACUCAR ,P
899,IOG DANONE ,P
900,COBERTURA ,P
901,SUCO CYCLUS ,P
902,SUCO C/ SOJA ,P
903,COND PHYTOERVAS ,P
904,SH AROMA FORTAL ,P
905,SAB LIQ PROTEX ,P
906,SAB DAVENE ,P
907,LOCAO DEMAQUIANTE ,P
908,COLONIA DAVENE ,P
909,LOCAO DAVENE ,P
910,SALG ELMA ,P
911,VINHO CHATEAU ,P
912,DESOD REXONA ,P
913,DESOD NIELY ,P
914,RACAO TOP ,P
915,LIMP VEJA ,P
916,PAST SANIT ,P
917,SUCO ART MID ,P
918,GEL GOTA PLUS ,P
919,DESINF KALIPTO ,P
920,DETERG PO ,P
921,VINHO SALTON ,P
922,CALDO KNORR ,P
923,MAC REIMASSAS ,P
924,MAC REIMASSAS ,P
925,PAPINHA NESTLE ,P
926,SARDINHA COQUEIRO ,P
927,CEREAL RITTER ,P
928,CR DENT COLGATE ,P
929,LIMP AJAX ,P
930,SUCO DEL VALLE ,P
931,MAC INST MAGGI ,P
932,SARDINHA COQUEIRO ,P
933,LUVAS LATEX ,P
934,CERA POLYLAR ,P
935,VINHO CANCAO ,P
936,SOPA KODILAR ,P
937,SAND IPAN ,P
938,MOLHO TOM POMAROLA SACHE 300G,P
939,PEDRA SANIT ,P
940,SOPA VONO ,P
941,MAC REIMASSAS ,P
942,AMAC CANDURA ,P
943,IOG NESTLE ,P
944,MAC REIMASSAS ,P
945,MAC REIMASSAS ,P
946,MOLHO MAGGI ,P
947,CREME KANECHOMN ,P
948,MIST BOLO ,P
949,LIMP OPTIMUM ,P
950,PAO HOT DOG ,P
951,IOG PAULISTA ,P
952,CALDO KNORR ,P
953,SH DARLING ,P
954,PAPINHA NESTLE ,P
955,LIMP SANIT ,P
956,LIMP SANIT ,P
957,SAB VEGETAL ,P
958,SAB REXONA ,P
959,DESOD GILLETE ,P
960,CREME KNORR ,P
961,DESODORIZ ,P
2102,DAFRUTA 1L,G
963,SH CAPI VIDA ,P
964,LOCAO GOTA ,P
965,CREME VEG ,P
966,SH ELSEVE ,P
967,CREMOGEMA ,P
968,SACO LIXO ,P
969,PAPINHA NESTLE ,P
970,SH HEAD SHOULDERS ,P
971,DOCE LEITE ,P
972,SUCO TIAL ,P
973,SUCO TIAL ,P
974,HAMBURGUER ,P
975,DESINF ODOREX ,P
976,IOG DANONE ,P
977,IOG DANONE ,P
978,VINHO MIORANZA ,P
979,ALV CLORO ,P
980,COND CAPI ,P
981,DESOD NIVEA ,P
982,TINT KANECHOMW ,P
983,DESOD REXONA ,P
984,JUNCO FRANJA ,P
985,CEREAL NUTRY ,P
986,CEREAL NUTRY ,P
987,DETERG PO ,P
988,CEREAL NUTRY ,P
989,CALDO MAGGI ,P
990,ACENDEDORES ,P
991,MOLHO TOM POMAROLA 520G,P
992,SAB REXONA ,P
993,TEMP KNORR ,P
994,GEL GOTA PLUS ,P
995,BISC WAFER ,P
996,PIZZA BATAVO ,P
997,PIZZA SADIA ,P
998,SAB MOTIVUS ,P
999,DETERG START ,P
1000,LIMP SANIT ,P
1001,FILT DOCE ,P
1002,CALDO KNORR ,P
1003,SOPINHA NESTLE ,P
1004,DESOD REXONA ,P
1005,DESOD DOVE ,P
1006,SH SEDA CONTROL ,P
1007,DESOD AXE ,P
1008,ABS INTERNO OB,P
1009,SAB LIQ JOHNSONS ,P
1010,CREME PONDS ,P
1011,SAB LUX SUAVE ,P
1012,COALHADA NAT ,P
1013,GELATINA ROYAL ,P
1014,FLOR GARDEN ,P
1015,BIFINHO CHURRASCO ,P
1016,CALDO ARISCO ,P
1017,LEITE LONGA ,P
1018,CREME KANECHOMN ,P
1019,BEBIDA LACT ,P
1020,IOG CALUZINHO ,P
1021,ENXAG BUCAL ,P
1022,VODKA SMIRNOFF ,P
1023,SALG ELMA ,P
1024,ESPUMA BARB ,P
1025,IOG DANONE ,P
1026,QUEIJ PET ,P
1027,DANETTE DANONE ,P
1028,IOG DANONE ,P
1029,BEBIDA LACT ,P
1030,IOG CALUZINHO ,P
1031,MEL ABELHAS ,P
1032,SACO LIXO ,P
1033,LIMP VEJA ,P
1034,REQUEIJAO ,P
1035,LEITE FERM ,P
1036,IOG DANONE ,P
1037,BISC AMANT ,P
1038,FANTA UVA ,P
1041,SH MONANGE ,P
1042,DESOD ENLACE ,P
1043,IOG PAULI ,P
1044,SAB FRANCIS ,P
1045,SOPA MAGGI ,P
1046,AMAC FOFO ,P
1047,DESOD AXE ,P
1048,FINALIZ BIO ,P
1049,CR DENT CLOSE ,P
1050,PAPEL HIG ,P
1051,SUCO ART SUKEST ,P
1052,VINHO DON ,P
1053,SORVETE NESTLE ,P
1054,ALV BRILHANTE ,P
1055,SORVETE NESTLE ,P
1056,SORVETE NESTLE ,P
1057,SORVETE NESTLE ,P
1058,AMAC TUFF ,P
1059,PICOLE NESTLE ,P
1060,PICOLE NESTLE ,P
1061,PICOLE NESTLE ,P
1062,PICOLE NESTLE ,P
1064,SH SUAVE CERAMIDAS ,P
1065,FRALDA DESC ,P
1066,IOG DANONE ,P
1067,IOG LIQ VIGOR ,P
1068,CATCHUP ARISCO ,P
1069,VINHO CANTINA ,P
1070,COCA COLA ,P
1071,SUCO SKINKA ,P
1072,COQUETEL PARATUDO ,P
1073,DETERG POLYLAR ,P
1074,LIMP PATO ,P
1075,LIMP PATO ,P
1076,GLADE SANY ,P
1077,BISC RECH ,P
1078,LEITE LONGA ,P
1079,ABS CAREFREE 15UN,P
1080,LOCAO HIDRAT ,P
1081,HALLS MENTOL ,P
1082,SUCO ART FRESH ,P
1083,COND HEAD ,P
1084,PICOLE NESTLE ,P
1085,SORVETE NESTLE ,P
1086,AMAC FLOR ,P
1087,SAB ALBANY ,P
1088,COND MONANGE ,P
1089,OVOS SAITO ,P
1090,BISC MAIZENA ,P
1091,SORV NESTLE ,P
1092,PICOLE NESTLE ,P
1093,DESOD POLITRIZ ,P
1094,DESINF VOREL ,P
1095,LARANJA GOLE ,P
1096,SODA LIMONADA ,P
1097,UVA GOLE KIDS ,P
1098,CHOC ARCOR ,P
1099,SORVETE NESTLE ,P
1100,ODORIZ BOM ,P
1101,BISC WAFER ,P
1102,LIMP SANIT ,P
1103,ARROZ COZ ,P
1104,PEDRA SANIT ,P
1105,PATE BATAVO ,P
1106,CERA POLIFLOR ,P
1107,TINT KOLESTON ,P
1108,TINT KOLESTON ,P
1109,CALDO SAZON ,P
1110,DESODORIZ ,P
1111,SAB GRANADO ,P
1112,SAB DETTOL ,P
1113,SH TONALIZ ,P
1114,MIST BOLO ,P
1115,TINT WELLATON ,P
1116,GELATINA DOCE ,P
1117,BISC WAFER ,P
1118,TEMPERA MAIS ,P
1119,LIMP CASA ,P
1120,AMAC VIDA ,P
1121,CERA SAPATO ,P
1122,LAVA ROUPA ,P
1123,SAB JOHNSON ,P
1124,GATORADE LARANJA ,P
1125,SAB FRANCIS ,P
1126,COND SUAVE ,P
1127,DESOD TOQUE ,P
1129,SH VITAL ERVAS ,P
1130,SH ALL CLEAR ,P
1131,ALCOOL VEJA ,P
1132,DESOD REXONA ,P
1133,COND BIOEXTRATUS ,P
1134,GEL FIX KANECHOMN ,P
1135,CHICLE TRIDENT ,P
1136,LEITE AVEIA ,P
1137,SAB DAVENE ,P
1138,SUCO ART FIT ,P
1139,SAB LIQ PALMOLIVE ,P
1140,SAB LIQ PALMOLIVE ,P
1141,PRESERVATIVO ,P
1142,MAC INST CUP ,P
1143,DESINF ODOREX ,P
1144,LIMP POLYLAR ,P
1145,FRALDA DESC ,P
1146,ODORIZ GLADE ,P
1147,MAC BARILLA ,P
1148,COOKIES ATIVA ,P
1149,VINHO RESERVA ,P
1150,CREME HID ,P
1151,CERA POLITRIZ ,P
1152,SUCO DEL VALLE ,P
1153,BISC WAFER ,P
1154,CEREAL NESTON ,P
1155,CREME HID ,P
1157,ODORIZ GLADE ,P
1158,SUCO ART QREFRESCO ,P
1159,AMAC AMACITEL ,P
1160,SUCO DEL VALLE ,P
1161,BISC WAFER ,P
1162,LEITE FERM ,P
1163,FRALDA DESC ,P
1164,SH DOVE NORMAL ,P
1165,COND DOVE 200ML,P
1166,CR DENT CLOSE ,P
1167,DESOD REXONA ,P
1168,LEITE FERM ,P
1169,OLEO COMPOSTO ,P
1170,SH COLORAMA ,P
1171,DETERG PO ,P
1172,IOG PAULI ,P
1173,OLEO CORPO ,P
1174,SAB FRANCIS ,P
1175,MASC TRAT ,P
1176,PO SUPLEM ,P
1177,MIST BOLO ,P
1178,SUCO DEL VALLE ,P
1179,OLEO COMPOSTO ,P
1180,SORVETE NESTLE ,P
1181,SALG ELMA ,P
1182,LEITE LONGA ,P
1183,SH TONALIZ ,P
1184,LIMP SANIT ,P
1185,ESMALTE COLORAMA ,P
1186,LIMP TOQUE ,P
1187,PAPEL HIG ,P
1188,TINT ALLIE ,P
1189,TINT GARNIER ,P
1190,DESOD NIVEA ,P
1191,DESODORIZ ,P
1192,CANETA PILOT ,P
1193,HALLS CREAMY ,P
1194,MANTEIGA ITAMBE ,P
1195,BEBIDA LACTEA ,P
1196,CEREAL QUAKER ,P
1197,LARANJA MINEIRO ,P
1198,SUCO ADES ,P
1199,FRALDA DESC ,P
1200,CREME TRAT SEDA 400G,P
1201,FRALDA DESC ,P
1202,COND BIO EXTR ,P
1203,PAPEL HIG ,P
1204,ALV Q BOA ,P
1205,GELALCOOL ,P
1206,VODKA 51 ICE ,P
1207,INSET RODASOL ,P
1208,LEITE LONGA ,P
1209,SAB NIVEA ,P
1210,FRALDA DESC ,P
1211,SUCO IZZY ,P
1212,CEREAL TRIO ,P
601,QUEIJO MUSSARELA ,P
602,DOBRADINHA ,P
603,HAMBURGUER ,P
604,AZEITONA VERDE ,P
605,PIZZA FAMILY ,P
606,SALG MULT ,P
607,CHOC DIATT ,P
608,SUSPIRO POPOKA ,P
609,CREME TRAT ELSEVE 350G,P
610,CANETA COMPACTOR ,P
611,SAB ALBANY ,P
612,VINHO CHATEAU ,P
613,SUCO ADES ,P
614,CANETA BIC ,P
615,SUCO ART REFRESKANT ,P
616,LOCAO HIDRAT ,P
617,CERA POLITRIZ ,P
618,DESINF PINHO ,P
619,DESINF ODOREX ,P
620,DESINF ODOREX ,P
621,CORANTE LIQ ,P
622,PEDRA SANIT ,P
623,MAC STA AMAL ,P
624,MAC INST MAGGI ,P
625,MAC INST ARISCO ,P
626,MAC BASILAR ,P
627,SUCO ART FRISCO ,P
628,JUNCO GARFO ,P
629,JUNCO CORANTE ,P
630,TINGECOR GUARANY ,P
631,PAO INTEGRAL ,P
632,PAO LINHACA ,P
633,BOLO SEVEN ,P
634,JUNCO COPO ,P
635,BISCOITO PARENTES ,P
636,CAFE 3 CORACOES ,P
637,VINHO CANCAO ,P
638,IOG SKILL ,P
639,IOG SKILL ,P
640,LEITE LONGA ,P
641,AMAC SUAVYLAR ,P
642,AMAC MON BIJOU ,P
643,ALV CLORO ,P
644,SUCO ART CLIGHT ,P
645,XUKY CHOCOLATE ,P
646,DESINF PINHO ,P
647,SAND HAVAIANA ,P
648,SUCO ART NESTLE ,P
649,DESINF AZULIM ,P
650,SUSTAGEN KIDS ,P
651,MAC BASILAR ,P
652,SUCO C/SOJ/PES ,P
653,MAC INST STA ,P
654,GUARANA MINEIRO ,P
655,PEDRA SANIT ,P
656,SAB FOFO OLEO ,P
657,COND ELSEVE ,P
658,CERA NUGGET ,P
659,GELATINA SOL ,P
660,TINT BIOCOL ,P
661,GEL FIXADOR ,P
662,SAB FRANCIS ,P
663,PUDIM PO BRETZKE ,P
664,SUCO ART TORNADO ,P
665,FANTA UVA ,P
666,EMULTINA SELECTA ,P
667,JUNCO PAPEL ,P
668,COBERTURA ,P
669,CR DENT SORRISO ,P
670,SAPOLIO RADIUM ,P
671,TEMP STA AMALIA ,P
672,GELATINA DUCOCO ,P
673,DESOD GOTA ,P
674,CR DENT SORRISO ,P
675,LOCAO ELLE ,P
676,LOCAO HIDRAT ,P
677,PANO LIMPEZA ,P
678,OLEO KANECHOMN ,P
679,KETCHUP HELLMANNS ,P
680,SALG ELMA ,P
681,ALV BRILHANTE ,P
682,DESOD ADIDAS ,P
683,LASANHA SADIA ,P
684,PIZZA SADIA ,P
685,DETERG LIMPOL ,P
686,DESOD AXE ,P
687,SH DIMENSION ,P
688,IOG SKILL ,P
689,PATE SWIFT ,P
690,SAB LUX SUAVE ,P
691,LIMP MULTIUSO ,P
692,DESINF PINHO ,P
693,CERA POLIFLOR ,P
694,ESCOVA DENT ,P
695,LUSTRA MOV BRAVO 500ML,P
696,CERA POLYBEM ,P
698,SUCO DEL VALLE ,P
699,CHOC TALENTO ,P
700,TEMP SABOR ,P
701,TEMP SABOR ,P
702,VINHO CANCAO ,P
703,BISC RECH ,P
704,PANETTONE ,P
705,BOLO BAUDUCCO ,P
706,SH DIMENSION ,P
707,MOLHO HELLMANNS ,P
708,MAC STA AMAL ,P
709,VINHO CHALISE ,P
710,CERA BRILHO ,P
711,TORRADA BAUDUCCO ,P
712,SORVETE TARUMA ,P
713,SH ELSEVE ,P
714,SOPA ARISCO ,P
715,COCA COLA 220ML,P
716,RUN BACARDI ,P
717,JUNCO VELAS ,P
718,MARGARINA ,P
719,SALG SKINY ,P
720,SUCO ART FRISCO ,P
721,LICOR STOCK ,P
722,ESMALTE RISQUE ,P
723,GELATINA DUCOCO ,P
724,PUDIM DUCOCO ,P
725,LOCAO CORPO ,P
726,PRESERVATIVO ,P
727,BATATA PRINGLES ,P
728,SUKITA BRAHMA ,P
729,COND SNOOPY ,P
730,COND DAVENE ,P
731,DESOD AVANCO ,P
732,DETERG PO BRILHANTE 500G,P
733,GUARANA KUAT ,P
734,GUARANA KUAT ,P
735,LEITE FERMENTADO ,P
736,DROPS HALLS ,P
737,MUFFIN SEVEN ,P
738,LIMP VIT MULTIUSO ,P
739,DESINF PINHO ,P
740,DETERG PO ,P
741,MAC STA AMAL ,P
742,DETERG LAVYLAR ,P
743,CREME BARBEAR ,P
744,GELATINA ROYAL ,P
745,FLAN ROYAL ,P
746,GATORADE TANGERINA ,P
747,CERA POLIFLOR ,P
748,BISC MAIZENA ,P
749,JUNCO ESSENCIA ,P
750,TINT IMEDIA ,P
751,DETERG LIQ ,P
752,CR DENT GESSY ,P
753,CHUV MAXIDUCHA ,P
754,LEITE LONGA ,P
755,CREME PENT SEDA 300ML,P
756,CHICLE BUBBALOO ,P
757,CHICLETS TUTIFRUTI ,P
758,HALLS EXTRA ,P
759,TEMP ARISCO ,P
760,CREME TRAT SEDA 1KG,P
761,DESOD NIVEA ,P
762,SALG ELMA ,P
763,LEITE SOJA ,P
764,SUCO ADES ,P
765,SOPA ARISCO ,P
766,PASTILHA TIC ,P
767,JUNCO CORANTE ,P
768,DESOD GOTA ,P
769,SUKITA BRAHMA ,P
770,MAC INST TALHARIM ,P
771,CATCHUP ARISCO ,P
772,LIMP OPTIMUM ,P
773,PATE SADIA ,P
774,BISC CREAM ,P
775,DESINF POLITRIZ ,P
776,TEMP KODILAR ,P
777,LIMP MULTIUSO ,P
778,DESOD VINOLIA ,P
779,CHUV MAXIDUCHA ,P
780,APAR BARB ,P
781,AGUA SANITARIA ,P
782,SAB VINOLIA ,P
783,LOCAO CREM ,P
784,CATCHUP BEIRA ,P
785,PAPEL HIG ,P
786,PAPEL HIG ,P
787,APAR BARB ,P
788,SALG ELMA ,P
789,SH DENOREX ,P
790,OLEO AMEND ,P
791,SORVETINA ,P
792,SH OX FORTIFICANTE ,P
793,TINT COLOR ,P
794,CR PENT KANECHOMN 300ML,P
795,LIMP AJAX ,P
796,GELATINA ROYAL ,P
797,PATE SADIA ,P
798,PAPEL HIG ,P
799,MIST BOLO DONA BENTA 450G,P
800,BISC AMANT ,P
801,IOG DANONE ,P
697,SUCO DEL VALLE ,P
802,CALDO MAGGI ,P
803,SAB LIQ LUX ,P
804,COND VITAL ,P
805,SORVETE MONICA ,P
806,DESOD REXONA ,P
807,HIGIPORO PELE ,P
808,SAB CORPO ,P
809,PAPEL HIG ,P
810,LOCAO HIDRAT ,P
811,DOCE LEITE ,P
812,BISC AMANT ,P
813,BISC VITAM ,P
814,BOLO BAUDUCCO ,P
815,DOCE PE DE ,P
816,DOCE LEITE ,P
817,ZAP COLA LTA ,P
818,ZAP COLA BABY ,P
819,BISC LEITE ,P
820,CREME HID ,P
821,CR PENT SEMPREBELLA ,P
822,COND SEMPREBELLA ,P
823,CERA POLITRIZ ,P
824,SH SEMPREBELLA ,P
825,MILHO PIP ,P
826,FAR MAND TEMP ,P
827,PAPEL HIG ,P
828,SUCO DELVALLE ,P
829,SUCO DELVALLE ,P
830,DETERG PO ,P
831,SH COLORAMA ,P
832,CHOC GAROTO ,P
833,IOG NESTLE ,P
834,IOG NESTLE ,P
835,VINHO DO AVO ,P
836,SAND IPAN ,P
837,BOLO PULLMAN ,P
838,BOLO PULLMAN ,P
839,SH PERT PLUS ,P
840,PAO FORMA ,P
841,COND ENLACE ,P
842,AMAC COMFORT ,P
843,LIMP PATO ,P
844,LIMP PATO ,P
845,APAR BARB ,P
846,TEMP PASTA ,P
847,SUCO ART DOCE ,P
848,POTINHO GEL ,P
849,SUCO ART SPIN ,P
850,GEL IPHIGENY ,P
851,COND CLEAR ,P
852,COLONIA PHYTODERM ,P
853,DES HIDRAT ,P
854,LASANHA REZENDE ,P
855,GLEID SANY ,P
856,TINT NATUCOR ,P
857,TINTA PINTACOR ,P
858,SUCO ADES ,P
859,MARG LECO ,P
860,COND AROMA ,P
861,PAPEL HIG ,P
862,SUCO ART MAITA ,P
863,JUNCO FORMA ,P
864,FILT DOCE ,P
865,ODORIZ GLADE ,P
866,DETERG SELETO ,P
867,CR DENT SORRISO ,P
868,AMAC SELETO ,P
869,LIMP PATO ,P
870,LOCAO HIDRAT ,P
871,LIMP VEJA ,P
6085,HORTFRUT,E
6086,LOJA LIMPEZA,E
6060,PRODUÇÃO PADARIA,E
6063,PRODUÇÃO AÇOUGUE,E
6065,FRENTE DE LOJA,O
6066,REFEITORIO  LOJA,E
6020,MATERIA PRIMA PADARIA,S
6040,BICARBONATO,S
6041,PUDIM/ MUSSE,S
6042,ESPETINHOS,S
6080,DEPARTAMENTO TESTE,D
6081,GRUPO TESTE,G
6082,SUBGRUPO TESTE,S
6062,PADARIA,E
6120,CARNES BOVINAS,G
6121,FRACIONADOS ACOUGUE,S
6123,CARNES SUINAS,G
6124,CARNES DE AVES,G
6100,TESTE APOLLO,P
6200,"KIBOM 1,5",P
6201,KIBOM 800 ML,P
6202,"KIBOM 1,4 ML",P
6220,SAL GOLD,P
6221,TIC TAC 30 UN,P
6240,TNT 269,P
6241,CABARE ICE,P
6242,CABARE ICE 275,P
6243,CABARE ICE 269,P
6244,TNT ISOTONICO,P
6245,IT 2L,D
6246,IT 2L,P
6260,RED 250ML,P
6282,AMAC YPE 2L,P
6283,BAYGON 300ML,P
6284,PIPOCA PACHA 100G,P
6480,GRAOS 135G AYMORE,P
6560,MIST CLARA,P
6580,XAROPE 500ML,P
6700,DOCE TOLETO 660,P
6720,MINEIRO BABY 250,P
6820,TANG,P
6860,LINGUIÇAS ILHAS,S
6880,TRIDENT 8G,P
6940,SKIN 38G,P
6980,DES BAX AERO,P
6981,CERV LATA ATE 269,S
6982,CERV LATA ATE 269,P
6180,DOWNY 1L,P
6181,DOWNY 500ML,P
6320,DOM BOSCO 750,P
6321,LUX 85G,P
6322,SH SEDA 325,P
6340,VILMA OVOS CORTADO 500G,P
6341,VILMA NINHO 500G,P
6342,VILMA INSTANTANEO,P
6343,CLUB SOCIAL 141,P
6344,BARRA NUTRI 40G,P
6345,CEREAL NUTRI 22G,P
6346,BARRA DE FRUSTAS 20G,P
6500,KIT NEUTROX,P
6501,KIT SHAMP +COND,P
6520,VILMA RECHEADO 120G,P
6521,VILMA WAFER,P
6522,SUCO VILMA 10G,P
6523,TEMP VILMA 450G,P
6524,TEMP VILMA 500G,P
6540,SAFRA 500G,P
6541,CRISTAL 500G,P
6620,TORRESMO,S
6660,KIT SKALA 325,P
6740,HID PAIXAO 200,P
6802,ENGOV 250ML,P
6920,AROMATIZANTE GEL AROMAZIL,P
6921,BANDEIRA CAR ARROMAZIL,P
6922,BASTAO SANITARIO,P
6923,ESSENCIA AROMAZIL,P
6924,LATA 220ML,P
6925,LATA 310ML,P
6960,PURUCA PORCAO 25G,P
7000,BOLO PULLMAN 250G,P
6160,MOOD DESODORANTE,P
6161,TINT ISACARE,P
6280,NUTRINECTAR 1L,P
6281,NUTRINECTAR 200ML,P
6380,DIFUSOR AROMAZIL,P
6400,FRANCIS 85G,P
6420,TORTILHA 140G,P
6440,GELATINA 20G KININO,P
6460,PREPARADO PARA DRINKS,S
6461,FRIZANTE ZERO,S
6600,GARRAFA MENT 56G,P
6680,"DESIN POLITRIZ 1,75",P
6681,LIMP PISO 500 POLITRIZ,P
6900,DAFRUTA 1L,P
6300,LAZANHA SERA 600,P
6360,KEP COOLER,P
6361,DOWS 450ML,P
6640,CHOCOLATES ZERO 25G,S
6760,CHOP DE VINHO,S
6780,SH JHONHSON,P
6800,WAFER MABEL 94G,P
6801,COOKIES,S
6840,BALCAO ACOUGUE,S
6841,EMBUTIDOS TERCEIROS,G
7020,LACTA 80G,P
7040,TESTE,O
7102,ACOUGUE,D
7104,HORTIFRUT,D
7105,USO INTERTO,D
7060,TESTE,G
7120,TESTE SKOL,P
